ID,specimen,series,Treatment,week,split,y_true,y_pred,residual
D01-20240110-0W,D01,D,NO,0,train,0.042,-0.3546174168586731,-0.3966174168586731
D01-20240124-2W,D01,D,NO,2,train,0.0,-0.5987303853034973,-0.5987303853034973
D01-20240207-4W,D01,D,NO,4,train,0.065,-0.41033679246902466,-0.47533679246902466
D01-20240221-6W,D01,D,NO,6,train,0.012,-1.804561972618103,-1.816561972618103
D01-20240306-8W,D01,D,NO,8,train,1.21,3.6290953159332275,2.4190953159332276
D01-20240320-10W,D01,D,NO,10,train,7.896,6.381545543670654,-1.5144544563293456
D01-20240405-12W,D01,D,NO,12,train,3.524,2.9373810291290283,-0.5866189708709717
D01-20240417-14W,D01,D,NO,14,train,8.076,6.601441383361816,-1.474558616638184
D01-20240508-17W,D01,D,NO,17,train,9.362,9.17177963256836,-0.19022036743164072
D01-20240522-19W,D01,D,NO,19,train,8.658,7.012588024139404,-1.6454119758605952
D01-20240529-20W,D01,D,NO,20,train,8.026,8.839004516601562,0.8130045166015627
D01-20240619-23W,D01,D,NO,23,train,9.632,10.076836585998535,0.4448365859985355
D01-20240626-24W,D01,D,NO,24,train,12.559,12.180142402648926,-0.3788575973510735
D01-20240710-26W,D01,D,NO,26,train,8.492,11.314253807067871,2.82225380706787
D01-20240724-28W,D01,D,NO,28,train,12.279,12.503141403198242,0.22414140319824227
D01-20240807-30W,D01,D,NO,30,train,9.216,9.594316482543945,0.378316482543946
D01-20240902-33W,D01,D,NO,33,train,10.432,12.472179412841797,2.0401794128417965
D01-20240918-36W,D01,D,NO,36,train,7.026,10.984379768371582,3.9583797683715822
D02-20240110-0W,D02,D,NO,0,train,0.493,1.0455876588821411,0.5525876588821411
D02-20240124-2W,D02,D,NO,2,train,0.008,-0.20149166882038116,-0.20949166882038117
D02-20240207-4W,D02,D,NO,4,train,0.512,-0.0660594180226326,-0.5780594180226326
D02-20240221-6W,D02,D,NO,6,train,0.329,0.845958411693573,0.516958411693573
D02-20240306-8W,D02,D,NO,8,train,5.974,6.399840831756592,0.4258408317565916
D02-20240320-10W,D02,D,NO,10,train,12.402,11.561782836914062,-0.8402171630859367
D02-20240405-12W,D02,D,NO,12,train,11.295,10.781954765319824,-0.5130452346801757
D02-20240417-14W,D02,D,NO,14,train,16.02,12.808014869689941,-3.211985130310058
D02-20240508-17W,D02,D,NO,17,train,9.881,8.456511497497559,-1.4244885025024416
D02-20240522-19W,D02,D,NO,19,train,13.169,10.833128929138184,-2.335871070861817
D02-20240529-20W,D02,D,NO,20,train,6.113,7.187551021575928,1.0745510215759273
D02-20240619-23W,D02,D,NO,23,train,16.704,13.679193496704102,-3.024806503295899
D02-20240626-24W,D02,D,NO,24,train,17.403,15.578124046325684,-1.824875953674315
D02-20240710-26W,D02,D,NO,26,train,6.892,7.523009777069092,0.6310097770690914
D02-20240724-28W,D02,D,NO,28,train,16.183,12.52889347076416,-3.6541065292358397
D02-20240807-30W,D02,D,NO,30,train,3.089,7.612700462341309,4.523700462341308
D02-20240902-33W,D02,D,NO,33,train,13.952,9.963983535766602,-3.9880164642333984
D02-20240918-36W,D02,D,NO,36,train,7.746,7.8788275718688965,0.13282757186889604
D03-20240110-0W,D03,D,NO,0,train,0.0,1.134499192237854,1.134499192237854
D03-20240124-2W,D03,D,NO,2,train,0.001,-0.07818347960710526,-0.07918347960710526
D03-20240207-4W,D03,D,NO,4,train,0.16,-0.6887076497077942,-0.8487076497077942
D03-20240221-6W,D03,D,NO,6,train,0.0,0.13215892016887665,0.13215892016887665
D03-20240306-8W,D03,D,NO,8,train,0.542,0.6054474711418152,0.06344747114181515
D03-20240320-10W,D03,D,NO,10,train,1.645,1.2044192552566528,-0.4405807447433472
D03-20240405-12W,D03,D,NO,12,train,0.004,1.0141240358352661,1.010124035835266
D03-20240417-14W,D03,D,NO,14,train,0.799,-0.6473878026008606,-1.4463878026008605
D03-20240508-17W,D03,D,NO,17,train,0.239,0.40750569105148315,0.16850569105148316
D03-20240522-19W,D03,D,NO,19,train,0.614,0.8953291773796082,0.28132917737960816
D03-20240529-20W,D03,D,NO,20,train,0.254,1.3553272485733032,1.1013272485733032
D03-20240619-23W,D03,D,NO,23,train,0.827,1.3413501977920532,0.5143501977920533
D03-20240626-24W,D03,D,NO,24,train,1.468,0.18514220416545868,-1.2828577958345413
D03-20240710-26W,D03,D,NO,26,train,1.219,2.638821840286255,1.4198218402862548
D03-20240724-28W,D03,D,NO,28,train,0.583,-1.7636245489120483,-2.3466245489120485
D03-20240807-30W,D03,D,NO,30,train,0.151,-0.5825093388557434,-0.7335093388557434
D03-20240902-33W,D03,D,NO,33,train,0.43,0.5874153971672058,0.15741539716720582
D03-20240918-36W,D03,D,NO,36,train,0.359,0.22977225482463837,-0.12922774517536162
D04-20240110-0W,D04,D,NO,0,train,1.941,1.9218107461929321,-0.01918925380706793
D04-20240124-2W,D04,D,NO,2,train,0.063,0.946422278881073,0.883422278881073
D04-20240207-4W,D04,D,NO,4,train,3.89,3.3141582012176514,-0.5758417987823488
D04-20240221-6W,D04,D,NO,6,train,4.206,3.568990468978882,-0.6370095310211186
D04-20240306-8W,D04,D,NO,8,train,8.089,9.677327156066895,1.5883271560668941
D04-20240320-10W,D04,D,NO,10,train,40.592,40.726661682128906,0.1346616821289075
D04-20240405-12W,D04,D,NO,12,train,50.605,51.70109176635742,1.096091766357425
D04-20240417-14W,D04,D,NO,14,train,82.119,77.49532318115234,-4.623676818847656
D04-20240508-17W,D04,D,NO,17,train,63.731,64.10713958740234,0.3761395874023421
D04-20240522-19W,D04,D,NO,19,train,76.711,77.73176574707031,1.020765747070314
D04-20240529-20W,D04,D,NO,20,train,46.568,50.292179107666016,3.724179107666018
D04-20240619-23W,D04,D,NO,23,train,82.356,77.94806671142578,-4.407933288574213
D04-20240626-24W,D04,D,NO,24,train,84.304,84.86882781982422,0.5648278198242167
D04-20240710-26W,D04,D,NO,26,train,62.121,61.529327392578125,-0.5916726074218772
D04-20240724-28W,D04,D,NO,28,train,78.535,80.45025634765625,1.9152563476562534
D04-20240807-30W,D04,D,NO,30,train,34.329,39.82164764404297,5.492647644042968
D04-20240902-33W,D04,D,NO,33,train,63.396,59.190528869628906,-4.2054711303710945
D04-20240918-36W,D04,D,NO,36,train,61.488,58.978370666503906,-2.5096293334960933
D05-20240110-0W,D05,D,NO,0,test,0.0,0.730815589427948,0.730815589427948
D05-20240124-2W,D05,D,NO,2,test,0.0,-0.4119570851325989,-0.4119570851325989
D05-20240207-4W,D05,D,NO,4,test,1.777,-0.08031303435564041,-1.8573130343556403
D05-20240221-6W,D05,D,NO,6,test,1.12,0.027887992560863495,-1.0921120074391366
D05-20240306-8W,D05,D,NO,8,test,17.975,2.957073450088501,-15.0179265499115
D05-20240320-10W,D05,D,NO,10,test,25.939,9.671552658081055,-16.267447341918945
D05-20240405-12W,D05,D,NO,12,test,25.825,9.599349975585938,-16.225650024414062
D05-20240417-14W,D05,D,NO,14,test,31.694,13.606042861938477,-18.087957138061522
D05-20240508-17W,D05,D,NO,17,test,35.111,12.103671073913574,-23.007328926086423
D05-20240522-19W,D05,D,NO,19,test,33.269,14.575039863586426,-18.693960136413573
D05-20240529-20W,D05,D,NO,20,test,21.831,14.458913803100586,-7.372086196899414
D05-20240619-23W,D05,D,NO,23,test,42.562,18.24720573425293,-24.314794265747068
D05-20240626-24W,D05,D,NO,24,test,37.183,22.672536849975586,-14.510463150024414
D05-20240710-26W,D05,D,NO,26,test,40.468,22.903684616088867,-17.564315383911136
D05-20240724-28W,D05,D,NO,28,test,47.802,22.151134490966797,-25.650865509033203
D05-20240807-30W,D05,D,NO,30,test,35.57,24.69047737121582,-10.87952262878418
D05-20240902-33W,D05,D,NO,33,test,46.158,20.981542587280273,-25.176457412719728
D05-20240918-36W,D05,D,NO,36,test,34.918,21.698348999023438,-13.219651000976562
D06-20240110-0W,D06,D,NO,0,val,0.051,3.454216718673706,3.403216718673706
D06-20240124-2W,D06,D,NO,2,val,0.01,0.34494370222091675,0.33494370222091674
D06-20240207-4W,D06,D,NO,4,val,4.665,2.850219964981079,-1.814780035018921
D06-20240221-6W,D06,D,NO,6,val,2.417,0.9298579096794128,-1.487142090320587
D06-20240306-8W,D06,D,NO,8,val,10.22,10.098495483398438,-0.12150451660156314
D06-20240320-10W,D06,D,NO,10,val,13.613,20.513059616088867,6.900059616088868
D06-20240405-12W,D06,D,NO,12,val,13.233,20.68653678894043,7.453536788940429
D06-20240417-14W,D06,D,NO,14,val,16.026,23.859344482421875,7.833344482421875
D06-20240508-17W,D06,D,NO,17,val,17.877,20.486175537109375,2.609175537109376
D06-20240522-19W,D06,D,NO,19,val,19.13,26.012514114379883,6.882514114379884
D06-20240529-20W,D06,D,NO,20,val,7.733,27.304784774780273,19.571784774780273
D06-20240619-23W,D06,D,NO,23,val,19.516,22.62268829345703,3.106688293457033
D06-20240626-24W,D06,D,NO,24,val,31.548,24.044254302978516,-7.503745697021483
D06-20240710-26W,D06,D,NO,26,val,24.168,27.191307067871094,3.0233070678710945
D06-20240724-28W,D06,D,NO,28,val,33.724,22.314960479736328,-11.409039520263669
D06-20240807-30W,D06,D,NO,30,val,21.997,17.341129302978516,-4.655870697021484
D06-20240902-33W,D06,D,NO,33,val,25.699,19.786754608154297,-5.912245391845705
D06-20240918-36W,D06,D,NO,36,val,26.7,19.26456069946289,-7.435439300537109
E01-20240110-0W,E01,E,SA,0,train,0.003,0.5812384486198425,0.5782384486198425
E01-20240124-2W,E01,E,SA,2,train,0.0,0.16253440082073212,0.16253440082073212
E01-20240207-4W,E01,E,SA,4,train,0.009,0.1702534407377243,0.1612534407377243
E01-20240221-6W,E01,E,SA,6,train,0.905,0.9047076106071472,-0.00029238939285280985
E01-20240306-8W,E01,E,SA,8,train,8.952,5.732231140136719,-3.219768859863281
E01-20240320-10W,E01,E,SA,10,train,12.133,6.076488494873047,-6.056511505126952
E01-20240405-12W,E01,E,SA,12,train,12.541,12.386917114257812,-0.15408288574218787
E01-20240417-14W,E01,E,SA,14,train,13.201,9.540444374084473,-3.660555625915528
E01-20240508-17W,E01,E,SA,17,train,15.978,9.55671215057373,-6.421287849426269
E01-20240522-19W,E01,E,SA,19,train,8.424,5.44378137588501,-2.9802186241149897
E01-20240529-20W,E01,E,SA,20,train,7.428,3.8532497882843018,-3.574750211715698
E01-20240619-23W,E01,E,SA,23,train,16.372,11.803674697875977,-4.568325302124023
E01-20240626-24W,E01,E,SA,24,train,20.781,18.011144638061523,-2.7698553619384754
E01-20240710-26W,E01,E,SA,26,train,13.563,13.821866035461426,0.25886603546142517
E01-20240724-28W,E01,E,SA,28,train,17.331,14.00396728515625,-3.3270327148437495
E01-20240807-30W,E01,E,SA,30,train,16.924,18.6121883392334,1.688188339233399
E01-20240902-33W,E01,E,SA,33,train,15.02,15.92255687713623,0.9025568771362309
E01-20240918-36W,E01,E,SA,36,train,11.173,11.317802429199219,0.1448024291992187
E02-20240110-0W,E02,E,SA,0,val,0.489,-0.13864929974079132,-0.6276492997407913
E02-20240124-2W,E02,E,SA,2,val,0.103,-0.9884474873542786,-1.0914474873542785
E02-20240207-4W,E02,E,SA,4,val,0.703,11.787049293518066,11.084049293518067
E02-20240221-6W,E02,E,SA,6,val,0.728,1.0557857751846313,0.32778577518463137
E02-20240306-8W,E02,E,SA,8,val,6.91,5.226004600524902,-1.6839953994750978
E02-20240320-10W,E02,E,SA,10,val,13.831,9.874134063720703,-3.9568659362792964
E02-20240405-12W,E02,E,SA,12,val,16.404,9.194209098815918,-7.209790901184082
E02-20240417-14W,E02,E,SA,14,val,14.917,13.807472229003906,-1.1095277709960936
E02-20240508-17W,E02,E,SA,17,val,16.911,12.721426010131836,-4.189573989868165
E02-20240522-19W,E02,E,SA,19,val,21.793,15.015671730041504,-6.777328269958495
E02-20240529-20W,E02,E,SA,20,val,11.834,13.733563423156738,1.8995634231567387
E02-20240619-23W,E02,E,SA,23,val,23.053,22.43619728088379,-0.6168027191162118
E02-20240626-24W,E02,E,SA,24,val,22.258,15.881345748901367,-6.376654251098632
E02-20240710-26W,E02,E,SA,26,val,19.404,18.93518829345703,-0.46881170654296866
E02-20240724-28W,E02,E,SA,28,val,28.377,28.15338706970215,-0.22361293029785045
E02-20240807-30W,E02,E,SA,30,val,21.7,27.532543182373047,5.832543182373048
E02-20240902-33W,E02,E,SA,33,val,23.679,27.305906295776367,3.6269062957763687
E02-20240918-36W,E02,E,SA,36,val,11.747,25.098892211914062,13.351892211914063
E03-20240110-0W,E03,E,SA,0,train,0.129,0.5076863169670105,0.3786863169670105
E03-20240124-2W,E03,E,SA,2,train,0.081,0.38469475507736206,0.30369475507736204
E03-20240207-4W,E03,E,SA,4,train,1.176,0.26822155714035034,-0.9077784428596496
E03-20240221-6W,E03,E,SA,6,train,1.214,-0.2679970860481262,-1.4819970860481262
E03-20240306-8W,E03,E,SA,8,train,5.28,9.645684242248535,4.365684242248535
E03-20240320-10W,E03,E,SA,10,train,11.909,15.153427124023438,3.244427124023437
E03-20240405-12W,E03,E,SA,12,train,15.902,16.465669631958008,0.5636696319580086
E03-20240417-14W,E03,E,SA,14,train,19.794,20.679412841796875,0.8854128417968745
E03-20240508-17W,E03,E,SA,17,train,8.897,10.833850860595703,1.9368508605957029
E03-20240522-19W,E03,E,SA,19,train,21.93,20.375337600708008,-1.554662399291992
E03-20240529-20W,E03,E,SA,20,train,15.172,17.71894645690918,2.546946456909179
E03-20240619-23W,E03,E,SA,23,train,20.482,22.288637161254883,1.8066371612548835
E03-20240626-24W,E03,E,SA,24,train,19.725,24.154382705688477,4.429382705688475
E03-20240710-26W,E03,E,SA,26,train,17.638,20.4082088470459,2.7702088470458968
E03-20240724-28W,E03,E,SA,28,train,31.611,28.10613250732422,-3.504867492675782
E03-20240807-30W,E03,E,SA,30,train,22.258,22.40325927734375,0.14525927734375088
E03-20240902-33W,E03,E,SA,33,train,28.07,25.11256217956543,-2.9574378204345706
E03-20240918-36W,E03,E,SA,36,train,18.346,22.912193298339844,4.566193298339844
E04-20240110-0W,E04,E,SA,0,train,0.0,-0.05804569274187088,-0.05804569274187088
E04-20240124-2W,E04,E,SA,2,train,0.0,-0.699177086353302,-0.699177086353302
E04-20240207-4W,E04,E,SA,4,train,0.029,-0.06553394347429276,-0.09453394347429275
E04-20240221-6W,E04,E,SA,6,train,0.0,0.21617762744426727,0.21617762744426727
E04-20240306-8W,E04,E,SA,8,train,3.54,1.094910740852356,-2.445089259147644
E04-20240320-10W,E04,E,SA,10,train,5.944,2.9956915378570557,-2.9483084621429443
E04-20240405-12W,E04,E,SA,12,train,5.043,5.186777591705322,0.14377759170532212
E04-20240417-14W,E04,E,SA,14,train,6.146,5.317708969116211,-0.828291030883789
E04-20240508-17W,E04,E,SA,17,train,12.395,11.63490104675293,-0.7600989532470699
E04-20240522-19W,E04,E,SA,19,train,7.39,8.951796531677246,1.5617965316772464
E04-20240529-20W,E04,E,SA,20,train,3.082,3.8660027980804443,0.7840027980804445
E04-20240619-23W,E04,E,SA,23,train,10.795,8.114042282104492,-2.6809577178955077
E04-20240626-24W,E04,E,SA,24,train,19.506,19.692180633544922,0.18618063354492165
E04-20240710-26W,E04,E,SA,26,train,8.415,8.395414352416992,-0.01958564758300696
E04-20240724-28W,E04,E,SA,28,train,24.88,20.577789306640625,-4.302210693359374
E04-20240807-30W,E04,E,SA,30,train,26.214,25.145038604736328,-1.0689613952636705
E04-20240902-33W,E04,E,SA,33,train,22.765,22.655942916870117,-0.10905708312988338
E04-20240918-36W,E04,E,SA,36,train,11.737,14.330479621887207,2.593479621887207
E05-20240110-0W,E05,E,SA,0,train,0.475,0.9350554347038269,0.4600554347038269
E05-20240124-2W,E05,E,SA,2,train,0.0,-0.6385548710823059,-0.6385548710823059
E05-20240207-4W,E05,E,SA,4,train,0.184,-0.585311233997345,-0.7693112339973449
E05-20240221-6W,E05,E,SA,6,train,0.181,-1.2573484182357788,-1.4383484182357789
E05-20240306-8W,E05,E,SA,8,train,1.395,2.7811710834503174,1.3861710834503174
E05-20240320-10W,E05,E,SA,10,train,10.279,5.241488456726074,-5.037511543273926
E05-20240405-12W,E05,E,SA,12,train,8.463,8.333871841430664,-0.12912815856933513
E05-20240417-14W,E05,E,SA,14,train,18.128,15.86764144897461,-2.2603585510253907
E05-20240508-17W,E05,E,SA,17,train,17.411,19.209529876708984,1.798529876708983
E05-20240522-19W,E05,E,SA,19,train,21.318,22.171070098876953,0.8530700988769517
E05-20240529-20W,E05,E,SA,20,train,18.86,18.424816131591797,-0.43518386840820256
E05-20240619-23W,E05,E,SA,23,train,19.712,20.785207748413086,1.0732077484130862
E05-20240626-24W,E05,E,SA,24,train,24.755,19.850648880004883,-4.904351119995116
E05-20240710-26W,E05,E,SA,26,train,13.596,17.914026260375977,4.3180262603759765
E05-20240724-28W,E05,E,SA,28,train,24.614,22.28786849975586,-2.3261315002441414
E05-20240807-30W,E05,E,SA,30,train,24.089,24.81386947631836,0.7248694763183607
E05-20240902-33W,E05,E,SA,33,train,17.226,20.155603408813477,2.9296034088134775
E05-20240918-36W,E05,E,SA,36,train,16.761,19.184173583984375,2.4231735839843758
E06-20240110-0W,E06,E,SA,0,train,0.713,0.3853403925895691,-0.3276596074104309
E06-20240124-2W,E06,E,SA,2,train,0.0,-1.2772783041000366,-1.2772783041000366
E06-20240207-4W,E06,E,SA,4,train,0.022,-1.2932132482528687,-1.3152132482528687
E06-20240221-6W,E06,E,SA,6,train,0.026,-2.3613932132720947,-2.3873932132720945
E06-20240306-8W,E06,E,SA,8,train,0.537,-1.6119292974472046,-2.1489292974472045
E06-20240320-10W,E06,E,SA,10,train,0.747,0.4289242625236511,-0.3180757374763489
E06-20240405-12W,E06,E,SA,12,train,1.228,1.7958341836929321,0.5678341836929321
E06-20240417-14W,E06,E,SA,14,train,1.302,3.5165750980377197,2.2145750980377197
E06-20240508-17W,E06,E,SA,17,train,1.37,4.506542682647705,3.136542682647705
E06-20240522-19W,E06,E,SA,19,train,21.233,22.063505172729492,0.8305051727294916
E06-20240529-20W,E06,E,SA,20,train,8.988,11.077396392822266,2.089396392822266
E06-20240619-23W,E06,E,SA,23,train,19.492,17.834632873535156,-1.6573671264648446
E06-20240626-24W,E06,E,SA,24,train,23.196,22.519989013671875,-0.6760109863281265
E06-20240710-26W,E06,E,SA,26,train,14.013,16.615751266479492,2.6027512664794923
E06-20240724-28W,E06,E,SA,28,train,18.456,22.749229431152344,4.293229431152344
E06-20240807-30W,E06,E,SA,30,train,11.168,12.395142555236816,1.2271425552368171
E06-20240902-33W,E06,E,SA,33,train,21.777,20.76946449279785,-1.0075355072021495
E06-20240918-36W,E06,E,SA,36,train,13.87,15.54122257232666,1.671222572326661
F01-20240110-0W,F01,F,SA,0,test,0.003,6.563094139099121,6.560094139099121
F01-20240124-2W,F01,F,SA,2,test,0.0,-0.03281719237565994,-0.03281719237565994
F01-20240207-4W,F01,F,SA,4,test,0.021,1.6240040063858032,1.6030040063858033
F01-20240221-6W,F01,F,SA,6,test,0.0,0.7662064433097839,0.7662064433097839
F01-20240306-8W,F01,F,SA,8,test,0.0,10.019309043884277,10.019309043884277
F01-20240320-10W,F01,F,SA,10,test,2.125,10.86579704284668,8.74079704284668
F01-20240405-12W,F01,F,SA,12,test,0.623,7.297567367553711,6.674567367553711
F01-20240417-14W,F01,F,SA,14,test,3.537,14.723786354064941,11.186786354064942
F01-20240508-17W,F01,F,SA,17,test,1.087,9.883792877197266,8.796792877197266
F01-20240522-19W,F01,F,SA,19,test,5.545,20.62094497680664,15.07594497680664
F01-20240529-20W,F01,F,SA,20,test,1.121,5.490993022918701,4.369993022918701
F01-20240619-23W,F01,F,SA,23,test,7.313,21.39492416381836,14.08192416381836
F01-20240626-24W,F01,F,SA,24,test,7.957,9.059638023376465,1.102638023376465
F01-20240710-26W,F01,F,SA,26,test,5.673,9.013498306274414,3.340498306274414
F01-20240724-28W,F01,F,SA,28,test,11.941,13.802948951721191,1.8619489517211907
F01-20240807-30W,F01,F,SA,30,test,13.06,12.696344375610352,-0.36365562438964893
F01-20240902-33W,F01,F,SA,33,test,11.098,11.014540672302246,-0.08345932769775466
F01-20240918-36W,F01,F,SA,36,test,7.37,13.235603332519531,5.865603332519531
F02-20240110-0W,F02,F,SA,0,train,0.0,-0.508263885974884,-0.508263885974884
F02-20240124-2W,F02,F,SA,2,train,0.0,-0.5836384892463684,-0.5836384892463684
F02-20240207-4W,F02,F,SA,4,train,0.0,-0.6618626713752747,-0.6618626713752747
F02-20240221-6W,F02,F,SA,6,train,0.0,-0.25246649980545044,-0.25246649980545044
F02-20240306-8W,F02,F,SA,8,train,0.658,1.5266772508621216,0.8686772508621216
F02-20240320-10W,F02,F,SA,10,train,1.426,0.10504501312971115,-1.3209549868702888
F02-20240405-12W,F02,F,SA,12,train,3.631,2.4747331142425537,-1.156266885757446
F02-20240417-14W,F02,F,SA,14,train,3.996,1.0935636758804321,-2.902436324119568
F02-20240508-17W,F02,F,SA,17,train,5.653,0.18306605517864227,-5.469933944821357
F02-20240522-19W,F02,F,SA,19,train,21.288,10.669878959655762,-10.618121040344239
F02-20240529-20W,F02,F,SA,20,train,2.533,2.542269468307495,0.009269468307495199
F02-20240619-23W,F02,F,SA,23,train,32.794,25.597822189331055,-7.196177810668942
F02-20240626-24W,F02,F,SA,24,train,37.181,34.11304473876953,-3.067955261230466
F02-20240710-26W,F02,F,SA,26,train,49.771,41.442848205566406,-8.328151794433595
F02-20240724-28W,F02,F,SA,28,train,48.724,30.471790313720703,-18.252209686279294
F02-20240807-30W,F02,F,SA,30,train,33.546,39.97114944458008,6.425149444580079
F02-20240902-33W,F02,F,SA,33,train,47.326,40.16753005981445,-7.158469940185547
F02-20240918-36W,F02,F,SA,36,train,32.664,35.104713439941406,2.4407134399414048
F03-20240110-0W,F03,F,SA,0,train,0.365,1.649457573890686,1.284457573890686
F03-20240124-2W,F03,F,SA,2,train,0.0,-0.25701266527175903,-0.25701266527175903
F03-20240207-4W,F03,F,SA,4,train,0.207,-0.4300082325935364,-0.6370082325935363
F03-20240221-6W,F03,F,SA,6,train,0.364,-0.5100920796394348,-0.8740920796394348
F03-20240306-8W,F03,F,SA,8,train,6.224,8.318390846252441,2.094390846252441
F03-20240320-10W,F03,F,SA,10,train,7.086,10.156145095825195,3.070145095825195
F03-20240405-12W,F03,F,SA,12,train,10.052,13.065673828125,3.0136738281250004
F03-20240417-14W,F03,F,SA,14,train,12.971,13.501771926879883,0.5307719268798827
F03-20240508-17W,F03,F,SA,17,train,12.721,14.13814926147461,1.4171492614746093
F03-20240522-19W,F03,F,SA,19,train,12.454,11.655818939208984,-0.7981810607910163
F03-20240529-20W,F03,F,SA,20,train,13.077,13.79917049407959,0.7221704940795899
F03-20240619-23W,F03,F,SA,23,train,12.031,15.197809219360352,3.166809219360351
F03-20240626-24W,F03,F,SA,24,train,16.791,17.50921630859375,0.7182163085937496
F03-20240710-26W,F03,F,SA,26,train,15.858,15.33061408996582,-0.5273859100341802
F03-20240724-28W,F03,F,SA,28,train,14.464,15.52319049835205,1.0591904983520504
F03-20240807-30W,F03,F,SA,30,train,12.923,14.579767227172852,1.6567672271728515
F03-20240902-33W,F03,F,SA,33,train,15.748,17.67856216430664,1.9305621643066413
F03-20240918-36W,F03,F,SA,36,train,12.595,12.221623420715332,-0.3733765792846686
F04-20240110-0W,F04,F,SA,0,val,0.769,0.2624146342277527,-0.5065853657722473
F04-20240124-2W,F04,F,SA,2,val,1.048,-0.05950862914323807,-1.107508629143238
F04-20240207-4W,F04,F,SA,4,val,1.78,-0.31983596086502075,-2.099835960865021
F04-20240221-6W,F04,F,SA,6,val,0.016,0.5790802836418152,0.5630802836418152
F04-20240306-8W,F04,F,SA,8,val,9.668,4.424935340881348,-5.243064659118652
F04-20240320-10W,F04,F,SA,10,val,31.145,13.665888786315918,-17.47911121368408
F04-20240405-12W,F04,F,SA,12,val,34.107,16.45461654663086,-17.65238345336914
F04-20240417-14W,F04,F,SA,14,val,42.31,16.810386657714844,-25.49961334228516
F04-20240508-17W,F04,F,SA,17,val,39.411,17.59872055053711,-21.812279449462892
F04-20240522-19W,F04,F,SA,19,val,32.301,19.6986083984375,-12.602391601562502
F04-20240529-20W,F04,F,SA,20,val,39.567,16.50322151184082,-23.06377848815918
F04-20240619-23W,F04,F,SA,23,val,39.814,19.456626892089844,-20.357373107910156
F04-20240626-24W,F04,F,SA,24,val,41.847,19.551433563232422,-22.29556643676758
F04-20240710-26W,F04,F,SA,26,val,36.614,21.18035316467285,-15.433646835327146
F04-20240724-28W,F04,F,SA,28,val,50.901,25.22410774230957,-25.676892257690433
F04-20240807-30W,F04,F,SA,30,val,39.507,17.891178131103516,-21.615821868896482
F04-20240902-33W,F04,F,SA,33,val,31.965,22.332542419433594,-9.632457580566406
F04-20240918-36W,F04,F,SA,36,val,25.535,22.900829315185547,-2.6341706848144533
F05-20240110-0W,F05,F,SA,0,train,0.016,1.1143842935562134,1.0983842935562134
F05-20240124-2W,F05,F,SA,2,train,0.02,0.31543415784835815,0.29543415784835814
F05-20240207-4W,F05,F,SA,4,train,1.665,3.1339375972747803,1.4689375972747802
F05-20240221-6W,F05,F,SA,6,train,0.581,2.1092464923858643,1.5282464923858643
F05-20240306-8W,F05,F,SA,8,train,5.701,9.80077075958252,4.09977075958252
F05-20240320-10W,F05,F,SA,10,train,11.808,11.641836166381836,-0.1661638336181639
F05-20240405-12W,F05,F,SA,12,train,14.387,13.208924293518066,-1.178075706481934
F05-20240417-14W,F05,F,SA,14,train,13.597,15.966843605041504,2.3698436050415044
F05-20240508-17W,F05,F,SA,17,train,14.914,14.398906707763672,-0.5150932922363278
F05-20240522-19W,F05,F,SA,19,train,16.859,14.871865272521973,-1.987134727478029
F05-20240529-20W,F05,F,SA,20,train,10.034,12.413877487182617,2.3798774871826165
F05-20240619-23W,F05,F,SA,23,train,13.695,15.434757232666016,1.7397572326660153
F05-20240626-24W,F05,F,SA,24,train,17.911,16.30351448059082,-1.607485519409181
F05-20240710-26W,F05,F,SA,26,train,15.266,15.033782958984375,-0.23221704101562501
F05-20240724-28W,F05,F,SA,28,train,19.046,18.457868576049805,-0.5881314239501947
F05-20240807-30W,F05,F,SA,30,train,10.416,13.363801956176758,2.9478019561767574
F05-20240902-33W,F05,F,SA,33,train,14.107,13.730990409851074,-0.3760095901489251
F05-20240918-36W,F05,F,SA,36,train,9.399,12.1981840133667,2.7991840133667
F06-20240110-0W,F06,F,SA,0,train,0.06,-0.6740725636482239,-0.7340725636482239
F06-20240124-2W,F06,F,SA,2,train,0.111,0.19958655536174774,0.08858655536174774
F06-20240207-4W,F06,F,SA,4,train,0.364,1.9322835206985474,1.5682835206985475
F06-20240221-6W,F06,F,SA,6,train,0.78,0.8558794856071472,0.07587948560714719
F06-20240306-8W,F06,F,SA,8,train,11.467,8.195273399353027,-3.271726600646973
F06-20240320-10W,F06,F,SA,10,train,15.915,13.236571311950684,-2.6784286880493156
F06-20240405-12W,F06,F,SA,12,train,20.551,20.51780128479004,-0.03319871520995932
F06-20240417-14W,F06,F,SA,14,train,22.241,20.867633819580078,-1.3733661804199215
F06-20240508-17W,F06,F,SA,17,train,21.01,21.74747085571289,0.7374708557128891
F06-20240522-19W,F06,F,SA,19,train,24.316,23.059432983398438,-1.2565670166015614
F06-20240529-20W,F06,F,SA,20,train,13.665,17.444412231445312,3.7794122314453134
F06-20240619-23W,F06,F,SA,23,train,20.314,19.677391052246094,-0.6366089477539063
F06-20240626-24W,F06,F,SA,24,train,26.093,23.106380462646484,-2.9866195373535156
F06-20240710-26W,F06,F,SA,26,train,22.143,20.66442108154297,-1.478578918457032
F06-20240724-28W,F06,F,SA,28,train,29.034,27.55154800415039,-1.4824519958496083
F06-20240807-30W,F06,F,SA,30,train,16.553,22.737939834594727,6.184939834594726
F06-20240902-33W,F06,F,SA,33,train,23.434,20.617136001586914,-2.816863998413087
F06-20240918-36W,F06,F,SA,36,train,24.747,25.52554702758789,0.7785470275878907
G01-20240110-0W,G01,G,PA,0,train,0.0,-2.079331636428833,-2.079331636428833
G01-20240124-2W,G01,G,PA,2,train,0.0,-2.0924055576324463,-2.0924055576324463
G01-20240207-4W,G01,G,PA,4,train,0.0,-0.9680073857307434,-0.9680073857307434
G01-20240221-6W,G01,G,PA,6,train,0.0,-2.0995428562164307,-2.0995428562164307
G01-20240306-8W,G01,G,PA,8,train,0.0,-2.068046808242798,-2.068046808242798
G01-20240320-10W,G01,G,PA,10,train,0.0,-3.34810471534729,-3.34810471534729
G01-20240405-12W,G01,G,PA,12,train,0.0,0.7888323664665222,0.7888323664665222
G01-20240417-14W,G01,G,PA,14,train,0.0,-1.4259895086288452,-1.4259895086288452
G01-20240508-17W,G01,G,PA,17,train,0.0,-0.8053019642829895,-0.8053019642829895
G01-20240522-19W,G01,G,PA,19,train,0.0,-1.6015733480453491,-1.6015733480453491
G01-20240529-20W,G01,G,PA,20,train,0.0,-1.2416890859603882,-1.2416890859603882
G01-20240619-23W,G01,G,PA,23,train,0.013,-0.6545222401618958,-0.6675222401618958
G01-20240626-24W,G01,G,PA,24,train,0.0,1.320621132850647,1.320621132850647
G01-20240710-26W,G01,G,PA,26,train,0.005,-0.6359074711799622,-0.6409074711799622
G01-20240724-28W,G01,G,PA,28,train,0.0,-0.22365601360797882,-0.22365601360797882
G01-20240807-30W,G01,G,PA,30,train,0.0,-0.11909610778093338,-0.11909610778093338
G01-20240902-33W,G01,G,PA,33,train,0.0,0.28380268812179565,0.28380268812179565
G01-20240918-36W,G01,G,PA,36,train,0.0,-1.1207059621810913,-1.1207059621810913
G02-20240110-0W,G02,G,PA,0,test,0.073,-3.0581657886505127,-3.1311657886505126
G02-20240124-2W,G02,G,PA,2,test,0.012,-2.8600847721099854,-2.8720847721099854
G02-20240207-4W,G02,G,PA,4,test,0.274,0.8812128901481628,0.6072128901481628
G02-20240221-6W,G02,G,PA,6,test,0.252,-0.41781550645828247,-0.6698155064582825
G02-20240306-8W,G02,G,PA,8,test,0.662,-2.628002405166626,-3.290002405166626
G02-20240320-10W,G02,G,PA,10,test,7.533,8.930402755737305,1.3974027557373043
G02-20240405-12W,G02,G,PA,12,test,12.069,20.27459144592285,8.20559144592285
G02-20240417-14W,G02,G,PA,14,test,12.771,10.503344535827637,-2.267655464172364
G02-20240508-17W,G02,G,PA,17,test,18.525,14.218497276306152,-4.306502723693846
G02-20240522-19W,G02,G,PA,19,test,25.563,16.359142303466797,-9.203857696533202
G02-20240529-20W,G02,G,PA,20,test,15.044,8.70981216430664,-6.33418783569336
G02-20240619-23W,G02,G,PA,23,test,21.383,5.571239471435547,-15.811760528564452
G02-20240626-24W,G02,G,PA,24,test,19.498,9.762104034423828,-9.735895965576173
G02-20240710-26W,G02,G,PA,26,test,15.645,7.453792572021484,-8.191207427978515
G02-20240724-28W,G02,G,PA,28,test,25.583,10.891645431518555,-14.691354568481444
G02-20240807-30W,G02,G,PA,30,test,19.113,7.253127098083496,-11.859872901916503
G02-20240902-33W,G02,G,PA,33,test,17.601,4.7041730880737305,-12.896826911926269
G02-20240918-36W,G02,G,PA,36,test,13.686,13.199127197265625,-0.48687280273437494
G03-20240110-0W,G03,G,PA,0,train,0.0,-2.1053402423858643,-2.1053402423858643
G03-20240124-2W,G03,G,PA,2,train,0.0,-2.0793259143829346,-2.0793259143829346
G03-20240207-4W,G03,G,PA,4,train,0.0,-0.7200196385383606,-0.7200196385383606
G03-20240221-6W,G03,G,PA,6,train,0.0,-2.9439756870269775,-2.9439756870269775
G03-20240306-8W,G03,G,PA,8,train,0.0,-2.527712106704712,-2.527712106704712
G03-20240320-10W,G03,G,PA,10,train,0.0,-2.4589827060699463,-2.4589827060699463
G03-20240405-12W,G03,G,PA,12,train,0.0,0.4683148264884949,0.4683148264884949
G03-20240417-14W,G03,G,PA,14,train,0.0,-0.9541724324226379,-0.9541724324226379
G03-20240508-17W,G03,G,PA,17,train,0.004,-1.2657111883163452,-1.2697111883163452
G03-20240522-19W,G03,G,PA,19,train,0.0,-0.14864285290241241,-0.14864285290241241
G03-20240529-20W,G03,G,PA,20,train,0.0,-0.35283786058425903,-0.35283786058425903
G03-20240619-23W,G03,G,PA,23,train,0.004,-1.6249631643295288,-1.6289631643295288
G03-20240626-24W,G03,G,PA,24,train,0.005,0.8082711100578308,0.8032711100578308
G03-20240710-26W,G03,G,PA,26,train,0.0,-0.38272029161453247,-0.38272029161453247
G03-20240724-28W,G03,G,PA,28,train,0.413,0.4456622004508972,0.03266220045089724
G03-20240807-30W,G03,G,PA,30,train,0.061,0.5441300272941589,0.48313002729415894
G03-20240902-33W,G03,G,PA,33,train,0.03,0.6310898661613464,0.6010898661613464
G03-20240918-36W,G03,G,PA,36,train,0.0,-0.05767948180437088,-0.05767948180437088
G04-20240110-0W,G04,G,PA,0,train,0.0,-2.7772839069366455,-2.7772839069366455
G04-20240124-2W,G04,G,PA,2,train,0.0,-2.0608808994293213,-2.0608808994293213
G04-20240207-4W,G04,G,PA,4,train,0.0,0.46367329359054565,0.46367329359054565
G04-20240221-6W,G04,G,PA,6,train,0.0,-2.426287889480591,-2.426287889480591
G04-20240306-8W,G04,G,PA,8,train,0.0,-2.8873722553253174,-2.8873722553253174
G04-20240320-10W,G04,G,PA,10,train,0.0,-2.6047985553741455,-2.6047985553741455
G04-20240405-12W,G04,G,PA,12,train,0.0,1.0907989740371704,1.0907989740371704
G04-20240417-14W,G04,G,PA,14,train,0.0,-0.024368591606616974,-0.024368591606616974
G04-20240508-17W,G04,G,PA,17,train,0.009,1.2086416482925415,1.1996416482925416
G04-20240522-19W,G04,G,PA,19,train,0.0,-0.23055393993854523,-0.23055393993854523
G04-20240529-20W,G04,G,PA,20,train,0.0,0.9851652979850769,0.9851652979850769
G04-20240619-23W,G04,G,PA,23,train,0.003,0.6250864863395691,0.6220864863395691
G04-20240626-24W,G04,G,PA,24,train,0.0,0.076182059943676,0.076182059943676
G04-20240710-26W,G04,G,PA,26,train,0.0,-0.2761872410774231,-0.2761872410774231
G04-20240724-28W,G04,G,PA,28,train,0.0,1.0217176675796509,1.0217176675796509
G04-20240807-30W,G04,G,PA,30,train,0.0,0.5153595805168152,0.5153595805168152
G04-20240902-33W,G04,G,PA,33,train,0.0,0.02863948792219162,0.02863948792219162
G04-20240918-36W,G04,G,PA,36,train,0.007,0.3496167063713074,0.34261670637130737
G05-20240110-0W,G05,G,PA,0,train,0.18,-2.6321699619293213,-2.8121699619293214
G05-20240124-2W,G05,G,PA,2,train,0.0,-3.0325443744659424,-3.0325443744659424
G05-20240207-4W,G05,G,PA,4,train,0.33,-1.4356063604354858,-1.765606360435486
G05-20240221-6W,G05,G,PA,6,train,0.012,-3.300903558731079,-3.312903558731079
G05-20240306-8W,G05,G,PA,8,train,0.0,-2.506819009780884,-2.506819009780884
G05-20240320-10W,G05,G,PA,10,train,0.003,-2.1680777072906494,-2.1710777072906495
G05-20240405-12W,G05,G,PA,12,train,0.004,-1.361549735069275,-1.365549735069275
G05-20240417-14W,G05,G,PA,14,train,0.425,-1.691179633140564,-2.116179633140564
G05-20240508-17W,G05,G,PA,17,train,0.512,0.3434588313102722,-0.1685411686897278
G05-20240522-19W,G05,G,PA,19,train,0.155,-0.7857010960578918,-0.9407010960578919
G05-20240529-20W,G05,G,PA,20,train,0.106,-0.21669800579547882,-0.3226980057954788
G05-20240619-23W,G05,G,PA,23,train,0.404,2.2052552700042725,1.8012552700042725
G05-20240626-24W,G05,G,PA,24,train,1.253,0.5905167460441589,-0.662483253955841
G05-20240710-26W,G05,G,PA,26,train,0.335,-1.0510495901107788,-1.3860495901107788
G05-20240724-28W,G05,G,PA,28,train,0.141,-1.2865136861801147,-1.4275136861801148
G05-20240807-30W,G05,G,PA,30,train,0.409,1.5470653772354126,1.1380653772354126
G05-20240902-33W,G05,G,PA,33,train,0.619,1.3774491548538208,0.7584491548538208
G05-20240918-36W,G05,G,PA,36,train,0.664,2.3053061962127686,1.6413061962127684
G06-20240110-0W,G06,G,PA,0,train,0.076,-2.61906361579895,-2.6950636157989503
G06-20240124-2W,G06,G,PA,2,train,0.0,-2.2020647525787354,-2.2020647525787354
G06-20240207-4W,G06,G,PA,4,train,0.087,-2.0240108966827393,-2.1110108966827394
G06-20240221-6W,G06,G,PA,6,train,0.0,-2.515031099319458,-2.515031099319458
G06-20240306-8W,G06,G,PA,8,train,0.0,-2.7888576984405518,-2.7888576984405518
G06-20240320-10W,G06,G,PA,10,train,0.202,-2.6150028705596924,-2.8170028705596923
G06-20240405-12W,G06,G,PA,12,train,0.113,0.007194213103502989,-0.10580578689649701
G06-20240417-14W,G06,G,PA,14,train,0.445,-1.1245616674423218,-1.5695616674423218
G06-20240508-17W,G06,G,PA,17,train,3.778,2.421109437942505,-1.3568905620574951
G06-20240522-19W,G06,G,PA,19,train,2.224,2.084477186203003,-0.13952281379699727
G06-20240529-20W,G06,G,PA,20,train,1.52,-0.13535816967487335,-1.6553581696748734
G06-20240619-23W,G06,G,PA,23,train,4.076,4.960720539093018,0.884720539093018
G06-20240626-24W,G06,G,PA,24,train,5.146,7.63094425201416,2.4849442520141602
G06-20240710-26W,G06,G,PA,26,train,1.202,1.5642472505569458,0.36224725055694584
G06-20240724-28W,G06,G,PA,28,train,0.55,-0.9072707295417786,-1.4572707295417786
G06-20240807-30W,G06,G,PA,30,train,3.505,4.578703880310059,1.0737038803100587
G06-20240902-33W,G06,G,PA,33,train,9.79,4.403451919555664,-5.386548080444335
G06-20240918-36W,G06,G,PA,36,train,1.63,1.3648263216018677,-0.2651736783981322
S1MI01-20220518-0W,S1MI01,S,NO,0,test,0.391,-0.05186588317155838,-0.4428658831715584
S1MI01-20220603-2W,S1MI01,S,NO,2,test,0.566,-0.5494454503059387,-1.1154454503059386
S1MI01-20220609-3W,S1MI01,S,NO,3,test,0.84,3.3113086223602295,2.4713086223602296
S1MI01-20220616-4W,S1MI01,S,NO,4,test,0.419,0.04060714691877365,-0.37839285308122633
S1MI01-20220623-5W,S1MI01,S,NO,5,test,0.827,1.1916090250015259,0.3646090250015259
S1MI01-20220630-6W,S1MI01,S,NO,6,test,1.138,1.3578592538833618,0.21985925388336192
S1MI01-20220708-7W,S1MI01,S,NO,7,test,0.934,1.3630038499832153,0.4290038499832153
S1MI01-20220714-8W,S1MI01,S,NO,8,test,1.549,1.763722538948059,0.21472253894805915
S1MI01-20220721-9W,S1MI01,S,NO,9,test,2.09,5.074053764343262,2.984053764343262
S1MI01-20220802-10W,S1MI01,S,NO,10,test,1.78,5.741180419921875,3.9611804199218748
S1MI01-20220822-13W,S1MI01,S,NO,13,test,2.407,4.012033939361572,1.6050339393615722
S1MI01-20220906-15W,S1MI01,S,NO,15,test,5.386,6.836026191711426,1.4500261917114257
S1MI01-20221102-24W,S1MI01,S,NO,24,test,12.433,12.320270538330078,-0.1127294616699217
S1MI01-20221110-25W,S1MI01,S,NO,25,test,10.738,13.70147705078125,2.9634770507812505
S1MI01-20221206-28W,S1MI01,S,NO,28,test,14.561,13.261778831481934,-1.2992211685180663
S1MI02-20220518-0W,S1MI02,S,MI,0,test,0.828,1.1249881982803345,0.2969881982803345
S1MI02-20220603-2W,S1MI02,S,MI,2,test,0.611,-0.48237353563308716,-1.0933735356330871
S1MI02-20220609-3W,S1MI02,S,MI,3,test,0.643,0.09670989960432053,-0.5462901003956795
S1MI02-20220616-4W,S1MI02,S,MI,4,test,0.643,0.09670989960432053,-0.5462901003956795
S1MI02-20220623-5W,S1MI02,S,MI,5,test,0.793,0.6407076716423035,-0.15229232835769657
S1MI02-20220630-6W,S1MI02,S,MI,6,test,1.205,2.3106019496917725,1.1056019496917724
S1MI02-20220708-7W,S1MI02,S,MI,7,test,0.728,1.2342783212661743,0.5062783212661743
S1MI02-20220714-8W,S1MI02,S,MI,8,test,0.999,0.6891810297966003,-0.30981897020339966
S1MI02-20220721-9W,S1MI02,S,MI,9,test,0.67,0.2608305811882019,-0.40916941881179814
S1MI02-20220802-10W,S1MI02,S,MI,10,test,0.829,0.09513061493635178,-0.7338693850636482
S1MI02-20220822-13W,S1MI02,S,MI,13,test,0.585,0.5797297358512878,-0.005270264148712123
S1MI02-20220906-15W,S1MI02,S,MI,15,test,1.099,3.763028860092163,2.664028860092163
S1MI02-20221102-24W,S1MI02,S,MI,24,test,22.467,42.426902770996094,19.959902770996095
S1MI02-20221110-25W,S1MI02,S,MI,25,test,18.844,34.0056266784668,15.161626678466796
S1MI02-20221206-28W,S1MI02,S,MI,28,test,21.973,44.35392379760742,22.380923797607423
S1MI03-20220518-0W,S1MI03,S,MI,0,test,0.894,1.8216840028762817,0.9276840028762817
S1MI03-20220603-2W,S1MI03,S,MI,2,test,2.832,4.117330551147461,1.285330551147461
S1MI03-20220609-3W,S1MI03,S,MI,3,test,1.794,2.234529733657837,0.4405297336578369
S1MI03-20220616-4W,S1MI03,S,MI,4,test,1.57,4.13540506362915,2.56540506362915
S1MI03-20220623-5W,S1MI03,S,MI,5,test,1.699,6.220877170562744,4.521877170562744
S1MI03-20220630-6W,S1MI03,S,MI,6,test,3.143,1.6426807641983032,-1.5003192358016966
S1MI03-20220708-7W,S1MI03,S,MI,7,test,1.923,5.4349894523620605,3.5119894523620605
S1MI03-20220714-8W,S1MI03,S,MI,8,test,1.034,0.641460120677948,-0.39253987932205203
S1MI03-20220721-9W,S1MI03,S,MI,9,test,2.772,5.55077600479126,2.77877600479126
S1MI03-20220802-10W,S1MI03,S,MI,10,test,3.939,5.428539276123047,1.4895392761230468
S1MI03-20220822-13W,S1MI03,S,MI,13,test,2.52,6.5348381996154785,4.014838199615479
S1MI03-20220906-15W,S1MI03,S,MI,15,test,5.567,4.475285053253174,-1.0917149467468263
S1MI03-20221102-24W,S1MI03,S,MI,24,test,24.327,26.368083953857422,2.04108395385742
S1MI03-20221110-25W,S1MI03,S,MI,25,test,24.065,20.0859375,-3.9790625000000013
S1MI03-20221206-28W,S1MI03,S,MI,28,test,28.272,37.366031646728516,9.094031646728517
S1MI04-20220518-0W,S1MI04,S,MI,0,test,0.84,6.950543403625488,6.110543403625488
S1MI04-20220603-2W,S1MI04,S,MI,2,test,2.383,4.703436851501465,2.320436851501465
S1MI04-20220609-3W,S1MI04,S,MI,3,test,2.098,8.39437484741211,6.2963748474121095
S1MI04-20220616-4W,S1MI04,S,MI,4,test,2.087,8.367803573608398,6.280803573608399
S1MI04-20220623-5W,S1MI04,S,MI,5,test,2.864,5.116097450256348,2.2520974502563478
S1MI04-20220630-6W,S1MI04,S,MI,6,test,3.465,11.402667045593262,7.937667045593262
S1MI04-20220708-7W,S1MI04,S,MI,7,test,3.095,4.964295387268066,1.8692953872680662
S1MI04-20220714-8W,S1MI04,S,MI,8,test,4.146,9.168354988098145,5.022354988098145
S1MI04-20220721-9W,S1MI04,S,MI,9,test,4.119,5.2246575355529785,1.1056575355529787
S1MI04-20220802-10W,S1MI04,S,MI,10,test,9.61,9.066644668579102,-0.5433553314208979
S1MI04-20220822-13W,S1MI04,S,MI,13,test,5.302,10.715764999389648,5.413764999389649
S1MI04-20220906-15W,S1MI04,S,MI,15,test,17.344,13.083836555480957,-4.260163444519044
S1MI04-20221102-24W,S1MI04,S,MI,24,test,44.542,30.884035110473633,-13.657964889526369
S1MI04-20221110-25W,S1MI04,S,MI,25,test,31.343,27.960399627685547,-3.382600372314453
S1MI04-20221206-28W,S1MI04,S,MI,28,test,54.235,30.929319381713867,-23.305680618286132
S1MI05-20220518-0W,S1MI05,S,MI,0,train,1.125,-0.7336714863777161,-1.858671486377716
S1MI05-20220603-2W,S1MI05,S,MI,2,train,1.548,2.359476327896118,0.8114763278961181
S1MI05-20220609-3W,S1MI05,S,MI,3,train,2.888,-0.17873318493366241,-3.0667331849336623
S1MI05-20220616-4W,S1MI05,S,MI,4,train,3.67,-0.2666323781013489,-3.936632378101349
S1MI05-20220623-5W,S1MI05,S,MI,5,train,8.129,3.98244309425354,-4.1465569057464595
S1MI05-20220630-6W,S1MI05,S,MI,6,train,6.215,3.0232737064361572,-3.1917262935638426
S1MI05-20220708-7W,S1MI05,S,MI,7,train,2.906,0.5608927607536316,-2.3451072392463685
S1MI05-20220714-8W,S1MI05,S,MI,8,train,3.859,3.929913282394409,0.0709132823944092
S1MI05-20220721-9W,S1MI05,S,MI,9,train,6.529,8.086213111877441,1.5572131118774415
S1MI05-20220802-10W,S1MI05,S,MI,10,train,7.703,8.083526611328125,0.3805266113281247
S1MI05-20220822-13W,S1MI05,S,MI,13,train,8.352,7.89823579788208,-0.45376420211792023
S1MI05-20220906-15W,S1MI05,S,MI,15,train,23.282,23.662086486816406,0.3800864868164062
S1MI05-20221102-24W,S1MI05,S,MI,24,train,62.08,62.53829574584961,0.4582957458496111
S1MI05-20221110-25W,S1MI05,S,MI,25,train,45.971,48.751014709472656,2.7800147094726597
S1MI05-20221206-28W,S1MI05,S,MI,28,train,71.764,72.08271789550781,0.3187178955078167
S1MI06-20220518-0W,S1MI06,S,MI,0,train,0.563,-0.5060475468635559,-1.0690475468635559
S1MI06-20220603-2W,S1MI06,S,MI,2,train,0.396,-1.2611011266708374,-1.6571011266708373
S1MI06-20220609-3W,S1MI06,S,MI,3,train,0.546,-1.1426252126693726,-1.6886252126693726
S1MI06-20220616-4W,S1MI06,S,MI,4,train,0.555,-1.1949952840805054,-1.7499952840805055
S1MI06-20220623-5W,S1MI06,S,MI,5,train,0.739,1.048078179359436,0.30907817935943604
S1MI06-20220630-6W,S1MI06,S,MI,6,train,0.774,-0.8114369511604309,-1.585436951160431
S1MI06-20220708-7W,S1MI06,S,MI,7,train,0.632,-0.6704419255256653,-1.3024419255256654
S1MI06-20220714-8W,S1MI06,S,MI,8,train,1.12,-0.22214825451374054,-1.3421482545137406
S1MI06-20220721-9W,S1MI06,S,MI,9,train,1.175,-1.678697943687439,-2.853697943687439
S1MI06-20220802-10W,S1MI06,S,MI,10,train,0.906,-1.0039170980453491,-1.9099170980453493
S1MI06-20220822-13W,S1MI06,S,MI,13,train,0.808,0.7830407023429871,-0.02495929765701299
S1MI06-20220906-15W,S1MI06,S,MI,15,train,6.528,2.206908941268921,-4.321091058731079
S1MI06-20221102-24W,S1MI06,S,MI,24,train,26.628,25.128021240234375,-1.4999787597656251
S1MI06-20221110-25W,S1MI06,S,MI,25,train,30.342,27.199220657348633,-3.142779342651366
S1MI06-20221206-28W,S1MI06,S,MI,28,train,26.814,27.48929214477539,0.6752921447753906
S1MI07-20220518-0W,S1MI07,S,MI,0,train,0.686,0.3630778193473816,-0.32292218065261846
S1MI07-20220603-2W,S1MI07,S,MI,2,train,2.126,1.56350576877594,-0.56249423122406
S1MI07-20220609-3W,S1MI07,S,MI,3,train,0.501,-0.14474232494831085,-0.6457423249483109
S1MI07-20220616-4W,S1MI07,S,MI,4,train,0.342,-0.9240344166755676,-1.2660344166755677
S1MI07-20220623-5W,S1MI07,S,MI,5,train,0.855,0.3057629466056824,-0.5492370533943176
S1MI07-20220630-6W,S1MI07,S,MI,6,train,1.025,-0.5104592442512512,-1.5354592442512511
S1MI07-20220708-7W,S1MI07,S,MI,7,train,0.625,0.5679699778556824,-0.05703002214431763
S1MI07-20220714-8W,S1MI07,S,MI,8,train,1.068,0.4708811640739441,-0.597118835926056
S1MI07-20220721-9W,S1MI07,S,MI,9,train,1.468,0.3190447688102722,-1.1489552311897278
S1MI07-20220802-10W,S1MI07,S,MI,10,train,1.528,0.9530474543571472,-0.5749525456428528
S1MI07-20220822-13W,S1MI07,S,MI,13,train,0.435,2.0244338512420654,1.5894338512420654
S1MI07-20220906-15W,S1MI07,S,MI,15,train,3.362,7.276723384857178,3.9147233848571776
S1MI07-20221102-24W,S1MI07,S,MI,24,train,4.975,3.045835256576538,-1.9291647434234616
S1MI07-20221110-25W,S1MI07,S,MI,25,train,5.781,6.7630438804626465,0.9820438804626468
S1MI07-20221206-28W,S1MI07,S,MI,28,train,8.656,8.466187477111816,-0.18981252288818418
S2SA01-20220518-0W,S2SA01,S,NO,0,train,0.462,0.3326079249382019,-0.12939207506179812
S2SA01-20220603-2W,S2SA01,S,NO,2,train,0.798,0.0857960507273674,-0.7122039492726326
S2SA01-20220609-3W,S2SA01,S,NO,3,train,0.533,1.0270906686782837,0.49409066867828366
S2SA01-20220616-4W,S2SA01,S,NO,4,train,0.31,0.8959977030754089,0.5859977030754089
S2SA01-20220623-5W,S2SA01,S,NO,5,train,1.147,2.271023988723755,1.1240239887237549
S2SA01-20220630-6W,S2SA01,S,NO,6,train,2.645,0.5014922022819519,-2.143507797718048
S2SA01-20220708-7W,S2SA01,S,NO,7,train,1.103,-0.11173946410417557,-1.2147394641041755
S2SA01-20220714-8W,S2SA01,S,NO,8,train,3.941,2.3122847080230713,-1.6287152919769285
S2SA01-20220721-9W,S2SA01,S,NO,9,train,1.171,0.3121783137321472,-0.8588216862678528
S2SA01-20220802-10W,S2SA01,S,NO,10,train,1.936,-0.012808152474462986,-1.948808152474463
S2SA01-20220822-13W,S2SA01,S,NO,13,train,2.245,2.0164601802825928,-0.22853981971740733
S2SA01-20220906-15W,S2SA01,S,NO,15,train,10.326,3.0822513103485107,-7.24374868965149
S2SA01-20221102-24W,S2SA01,S,NO,24,train,43.081,33.93792724609375,-9.143072753906253
S2SA01-20221110-25W,S2SA01,S,NO,25,train,21.396,20.263973236083984,-1.1320267639160164
S2SA01-20221206-28W,S2SA01,S,NO,28,train,32.958,28.938156127929688,-4.019843872070311
S2SA02-20220518-0W,S2SA02,S,SA,0,train,0.52,1.9188929796218872,1.3988929796218872
S2SA02-20220603-2W,S2SA02,S,SA,2,train,0.853,2.0673162937164307,1.2143162937164307
S2SA02-20220609-3W,S2SA02,S,SA,3,train,0.467,0.8802210688591003,0.4132210688591003
S2SA02-20220616-4W,S2SA02,S,SA,4,train,0.507,0.5502955317497253,0.043295531749725336
S2SA02-20220623-5W,S2SA02,S,SA,5,train,0.606,0.5566889643669128,-0.04931103563308714
S2SA02-20220630-6W,S2SA02,S,SA,6,train,1.003,0.16168658435344696,-0.8413134156465529
S2SA02-20220708-7W,S2SA02,S,SA,7,train,1.807,2.2829272747039795,0.47592727470397955
S2SA02-20220714-8W,S2SA02,S,SA,8,train,1.917,1.8562504053115845,-0.060749594688415565
S2SA02-20220721-9W,S2SA02,S,SA,9,train,1.591,1.3651314973831177,-0.2258685026168823
S2SA02-20220802-10W,S2SA02,S,SA,10,train,4.177,2.8560235500335693,-1.3209764499664303
S2SA02-20220822-13W,S2SA02,S,SA,13,train,0.92,0.3324581980705261,-0.5875418019294739
S2SA02-20220906-15W,S2SA02,S,SA,15,train,9.368,10.870190620422363,1.502190620422363
S2SA02-20221102-24W,S2SA02,S,SA,24,train,31.644,32.85356140136719,1.2095614013671891
S2SA02-20221110-25W,S2SA02,S,SA,25,train,23.023,22.935998916625977,-0.08700108337402312
S2SA02-20221206-28W,S2SA02,S,SA,28,train,36.674,33.89244842529297,-2.7815515747070307
S2SA03-20220518-0W,S2SA03,S,SA,0,val,0.742,-0.1470092087984085,-0.8890092087984085
S2SA03-20220603-2W,S2SA03,S,SA,2,val,1.836,2.516254186630249,0.680254186630249
S2SA03-20220609-3W,S2SA03,S,SA,3,val,1.454,2.5092122554779053,1.0552122554779053
S2SA03-20220616-4W,S2SA03,S,SA,4,val,1.469,1.831804871559143,0.362804871559143
S2SA03-20220623-5W,S2SA03,S,SA,5,val,1.96,4.205867767333984,2.2458677673339844
S2SA03-20220630-6W,S2SA03,S,SA,6,val,1.841,5.284208297729492,3.443208297729492
S2SA03-20220708-7W,S2SA03,S,SA,7,val,1.954,2.7407138347625732,0.7867138347625733
S2SA03-20220714-8W,S2SA03,S,SA,8,val,2.162,5.834705829620361,3.6727058296203614
S2SA03-20220721-9W,S2SA03,S,SA,9,val,2.422,7.7410993576049805,5.31909935760498
S2SA03-20220802-10W,S2SA03,S,SA,10,val,2.816,7.535492420196533,4.719492420196533
S2SA03-20220822-13W,S2SA03,S,SA,13,val,3.07,13.821256637573242,10.751256637573242
S2SA03-20220906-15W,S2SA03,S,SA,15,val,9.258,23.674373626708984,14.416373626708985
S2SA03-20221102-24W,S2SA03,S,SA,24,val,44.678,37.64670944213867,-7.031290557861325
S2SA03-20221110-25W,S2SA03,S,SA,25,val,33.151,31.4096736907959,-1.741326309204105
S2SA03-20221206-28W,S2SA03,S,SA,28,val,81.584,45.017757415771484,-36.56624258422852
S2SA04-20220518-0W,S2SA04,S,SA,0,val,0.713,0.9099604487419128,0.19696044874191287
S2SA04-20220603-2W,S2SA04,S,SA,2,val,0.668,0.3163105845451355,-0.35168941545486454
S2SA04-20220609-3W,S2SA04,S,SA,3,val,0.465,-0.04152519255876541,-0.5065251925587655
S2SA04-20220616-4W,S2SA04,S,SA,4,val,0.282,0.027412109076976776,-0.2545878909230232
S2SA04-20220623-5W,S2SA04,S,SA,5,val,0.678,2.0429375171661377,1.3649375171661378
S2SA04-20220630-6W,S2SA04,S,SA,6,val,0.257,1.8519154787063599,1.5949154787063597
S2SA04-20220708-7W,S2SA04,S,SA,7,val,0.325,1.2304245233535767,0.9054245233535767
S2SA04-20220714-8W,S2SA04,S,SA,8,val,0.979,1.6146794557571411,0.6356794557571411
S2SA04-20220721-9W,S2SA04,S,SA,9,val,0.566,1.0363699197769165,0.47036991977691656
S2SA04-20220802-10W,S2SA04,S,SA,10,val,1.527,1.3223248720169067,-0.20467512798309317
S2SA04-20220822-13W,S2SA04,S,SA,13,val,1.589,3.0718190670013428,1.4828190670013428
S2SA04-20220906-15W,S2SA04,S,SA,15,val,4.598,15.969528198242188,11.371528198242189
S2SA04-20221102-24W,S2SA04,S,SA,24,val,9.934,12.302397727966309,2.3683977279663093
S2SA04-20221110-25W,S2SA04,S,SA,25,val,9.301,19.035579681396484,9.734579681396484
S2SA04-20221206-28W,S2SA04,S,SA,28,val,34.585,31.912151336669922,-2.672848663330079
S2SA05-20220518-0W,S2SA05,S,SA,0,train,0.572,0.9390951991081238,0.3670951991081238
S2SA05-20220603-2W,S2SA05,S,SA,2,train,0.548,-0.3032000660896301,-0.8512000660896302
S2SA05-20220609-3W,S2SA05,S,SA,3,train,0.497,0.5268027186393738,0.029802718639373782
S2SA05-20220616-4W,S2SA05,S,SA,4,train,0.164,0.3813015818595886,0.21730158185958862
S2SA05-20220623-5W,S2SA05,S,SA,5,train,0.454,-0.12107975035905838,-0.5750797503590583
S2SA05-20220630-6W,S2SA05,S,SA,6,train,0.536,-0.01578647643327713,-0.5517864764332772
S2SA05-20220708-7W,S2SA05,S,SA,7,train,0.205,0.03456466645002365,-0.17043533354997634
S2SA05-20220714-8W,S2SA05,S,SA,8,train,0.39,0.4993559718132019,0.10935597181320189
S2SA05-20220721-9W,S2SA05,S,SA,9,train,0.331,-0.36124640703201294,-0.6922464070320129
S2SA05-20220802-10W,S2SA05,S,SA,10,train,0.316,0.6303574442863464,0.31435744428634643
S2SA05-20220822-13W,S2SA05,S,SA,13,train,0.172,2.213318109512329,2.041318109512329
S2SA05-20220906-15W,S2SA05,S,SA,15,train,1.411,1.1934081315994263,-0.21759186840057376
S2SA05-20221102-24W,S2SA05,S,SA,24,train,12.13,14.22891902923584,2.098919029235839
S2SA05-20221110-25W,S2SA05,S,SA,25,train,29.962,26.280736923217773,-3.6812630767822263
S2SA05-20221206-28W,S2SA05,S,SA,28,train,49.374,47.131126403808594,-2.2428735961914086
S2SA06-20220518-0W,S2SA06,S,SA,0,train,0.456,1.0148001909255981,0.5588001909255982
S2SA06-20220603-2W,S2SA06,S,SA,2,train,0.39,1.1222435235977173,0.7322435235977173
S2SA06-20220609-3W,S2SA06,S,SA,3,train,0.596,0.0191914364695549,-0.5768085635304451
S2SA06-20220616-4W,S2SA06,S,SA,4,train,0.215,-0.1169474795460701,-0.33194747954607007
S2SA06-20220623-5W,S2SA06,S,SA,5,train,0.369,1.3266817331314087,0.9576817331314087
S2SA06-20220630-6W,S2SA06,S,SA,6,train,0.398,-0.43693095445632935,-0.8349309544563294
S2SA06-20220708-7W,S2SA06,S,SA,7,train,2.184,1.2540284395217896,-0.9299715604782106
S2SA06-20220714-8W,S2SA06,S,SA,8,train,1.008,1.1253539323806763,0.11735393238067626
S2SA06-20220721-9W,S2SA06,S,SA,9,train,1.261,1.0142794847488403,-0.24672051525115957
S2SA06-20220802-10W,S2SA06,S,SA,10,train,1.664,1.9378877878189087,0.27388778781890877
S2SA06-20220822-13W,S2SA06,S,SA,13,train,1.193,0.171334907412529,-1.021665092587471
S2SA06-20220906-15W,S2SA06,S,SA,15,train,7.55,3.8683383464813232,-3.6816616535186766
S2SA06-20221102-24W,S2SA06,S,SA,24,train,13.505,15.558835983276367,2.0538359832763664
S2SA06-20221110-25W,S2SA06,S,SA,25,train,13.928,12.249165534973145,-1.6788344650268563
S2SA06-20221206-28W,S2SA06,S,SA,28,train,36.508,34.97708511352539,-1.530914886474612
S2SA07-20220518-0W,S2SA07,S,SA,0,test,0.566,1.8769394159317017,1.3109394159317018
S2SA07-20220603-2W,S2SA07,S,SA,2,test,0.471,1.0753322839736938,0.6043322839736939
S2SA07-20220609-3W,S2SA07,S,SA,3,test,0.495,-0.0013344964245334268,-0.4963344964245334
S2SA07-20220616-4W,S2SA07,S,SA,4,test,0.3,0.8766762614250183,0.5766762614250183
S2SA07-20220623-5W,S2SA07,S,SA,5,test,0.314,0.8632113337516785,0.5492113337516784
S2SA07-20220630-6W,S2SA07,S,SA,6,test,0.253,0.5277029871940613,0.2747029871940613
S2SA07-20220708-7W,S2SA07,S,SA,7,test,0.743,0.6108939051628113,-0.13210609483718871
S2SA07-20220714-8W,S2SA07,S,SA,8,test,0.585,0.691473662853241,0.106473662853241
S2SA07-20220721-9W,S2SA07,S,SA,9,test,0.614,0.4763428568840027,-0.1376571431159973
S2SA07-20220802-10W,S2SA07,S,SA,10,test,0.613,0.8161789774894714,0.20317897748947145
S2SA07-20220822-13W,S2SA07,S,SA,13,test,0.318,1.9407154321670532,1.6227154321670532
S2SA07-20220906-15W,S2SA07,S,SA,15,test,2.501,2.6687376499176025,0.16773764991760265
S2SA07-20221102-24W,S2SA07,S,SA,24,test,34.857,18.152729034423828,-16.70427096557617
S2SA07-20221110-25W,S2SA07,S,SA,25,test,44.366,17.025371551513672,-27.340628448486328
S2SA07-20221206-28W,S2SA07,S,SA,28,test,59.327,11.28835678100586,-48.03864321899414
S3PA01-20220518-0W,S3PA01,S,PA,0,val,0.103,0.30310410261154175,0.20010410261154177
S3PA01-20220603-2W,S3PA01,S,PA,2,val,0.339,1.6815673112869263,1.3425673112869263
S3PA01-20220609-3W,S3PA01,S,PA,3,val,0.827,2.428107976913452,1.6011079769134522
S3PA01-20220616-4W,S3PA01,S,PA,4,val,0.476,1.9909926652908325,1.5149926652908325
S3PA01-20220623-5W,S3PA01,S,PA,5,val,0.871,1.3612014055252075,0.4902014055252075
S3PA01-20220630-6W,S3PA01,S,PA,6,val,1.512,1.3731719255447388,-0.13882807445526124
S3PA01-20220708-7W,S3PA01,S,PA,7,val,3.094,2.4813153743743896,-0.6126846256256102
S3PA01-20220714-8W,S3PA01,S,PA,8,val,2.012,2.3110463619232178,0.29904636192321776
S3PA01-20220721-9W,S3PA01,S,PA,9,val,3.134,0.14532248675823212,-2.988677513241768
S3PA01-20220802-10W,S3PA01,S,PA,10,val,4.312,1.5649505853652954,-2.747049414634705
S3PA01-20220822-13W,S3PA01,S,PA,13,val,2.46,1.3671823740005493,-1.0928176259994506
S3PA01-20220906-15W,S3PA01,S,PA,15,val,4.336,3.5150721073150635,-0.8209278926849368
S3PA01-20221102-24W,S3PA01,S,PA,24,val,9.523,12.829787254333496,3.3067872543334964
S3PA01-20221110-25W,S3PA01,S,PA,25,val,12.652,12.823678970336914,0.17167897033691482
S3PA01-20221206-28W,S3PA01,S,PA,28,val,14.332,9.124385833740234,-5.207614166259766
S3PA02-20220518-0W,S3PA02,S,SA_PA,0,train,1.003,0.3117348551750183,-0.6912651448249816
S3PA02-20220603-2W,S3PA02,S,SA_PA,2,train,0.724,0.009523085318505764,-0.7144769146814942
S3PA02-20220609-3W,S3PA02,S,SA_PA,3,train,0.347,0.027331046760082245,-0.31966895323991773
S3PA02-20220616-4W,S3PA02,S,SA_PA,4,train,0.14,2.440781831741333,2.300781831741333
S3PA02-20220623-5W,S3PA02,S,SA_PA,5,train,0.241,1.369454026222229,1.128454026222229
S3PA02-20220630-6W,S3PA02,S,SA_PA,6,train,0.855,0.21726195514202118,-0.6377380448579788
S3PA02-20220708-7W,S3PA02,S,SA_PA,7,train,0.428,1.4536911249160767,1.0256911249160767
S3PA02-20220714-8W,S3PA02,S,SA_PA,8,train,0.462,2.747847318649292,2.285847318649292
S3PA02-20220721-9W,S3PA02,S,SA_PA,9,train,0.554,1.3947278261184692,0.8407278261184692
S3PA02-20220802-10W,S3PA02,S,SA_PA,10,train,1.527,2.739800214767456,1.2128002147674561
S3PA02-20220822-13W,S3PA02,S,SA_PA,13,train,1.734,3.240328550338745,1.5063285503387451
S3PA02-20220906-15W,S3PA02,S,SA_PA,15,train,1.875,3.512913942337036,1.6379139423370361
S3PA02-20221102-24W,S3PA02,S,SA_PA,24,train,6.458,6.027094841003418,-0.4309051589965822
S3PA02-20221110-25W,S3PA02,S,SA_PA,25,train,14.505,6.9863505363464355,-7.518649463653565
S3PA02-20221206-28W,S3PA02,S,SA_PA,28,train,23.643,22.673402786254883,-0.9695972137451179
S3PA03-20220518-0W,S3PA03,S,SA_PA,0,test,0.24,-0.06483585387468338,-0.30483585387468337
S3PA03-20220603-2W,S3PA03,S,SA_PA,2,test,0.713,4.453368663787842,3.7403686637878417
S3PA03-20220609-3W,S3PA03,S,SA_PA,3,test,0.419,-1.213309645652771,-1.632309645652771
S3PA03-20220616-4W,S3PA03,S,SA_PA,4,test,0.189,0.24137847125530243,0.05237847125530243
S3PA03-20220623-5W,S3PA03,S,SA_PA,5,test,0.4,1.272255539894104,0.872255539894104
S3PA03-20220630-6W,S3PA03,S,SA_PA,6,test,0.656,3.7135698795318604,3.05756987953186
S3PA03-20220708-7W,S3PA03,S,SA_PA,7,test,1.469,1.7851439714431763,0.3161439714431762
S3PA03-20220714-8W,S3PA03,S,SA_PA,8,test,2.305,1.0756527185440063,-1.2293472814559938
S3PA03-20220721-9W,S3PA03,S,SA_PA,9,test,3.317,2.4645392894744873,-0.8524607105255129
S3PA03-20220802-10W,S3PA03,S,SA_PA,10,test,3.944,1.4007350206375122,-2.5432649793624877
S3PA03-20220822-13W,S3PA03,S,SA_PA,13,test,4.381,1.2420011758804321,-3.138998824119568
S3PA03-20220906-15W,S3PA03,S,SA_PA,15,test,4.059,3.045809507369995,-1.013190492630005
S3PA03-20221102-24W,S3PA03,S,SA_PA,24,test,23.004,15.768218040466309,-7.235781959533693
S3PA03-20221110-25W,S3PA03,S,SA_PA,25,test,32.12,13.062060356140137,-19.05793964385986
S3PA03-20221206-28W,S3PA03,S,SA_PA,28,test,35.346,20.371179580688477,-14.97482041931152
S3PA04-20220518-0W,S3PA04,S,SA_PA,0,train,0.81,2.5444977283477783,1.7344977283477783
S3PA04-20220603-2W,S3PA04,S,SA_PA,2,train,1.018,2.3931777477264404,1.3751777477264404
S3PA04-20220609-3W,S3PA04,S,SA_PA,3,train,1.583,1.004724144935608,-0.578275855064392
S3PA04-20220616-4W,S3PA04,S,SA_PA,4,train,1.014,-0.09719306975603104,-1.111193069756031
S3PA04-20220623-5W,S3PA04,S,SA_PA,5,train,1.961,1.2378040552139282,-0.7231959447860719
S3PA04-20220630-6W,S3PA04,S,SA_PA,6,train,2.585,1.970694661140442,-0.6143053388595581
S3PA04-20220708-7W,S3PA04,S,SA_PA,7,train,3.287,2.2071192264556885,-1.0798807735443114
S3PA04-20220714-8W,S3PA04,S,SA_PA,8,train,4.22,3.765556573867798,-0.4544434261322019
S3PA04-20220721-9W,S3PA04,S,SA_PA,9,train,3.849,2.841109037399292,-1.0078909626007082
S3PA04-20220802-10W,S3PA04,S,SA_PA,10,train,3.147,2.5297605991363525,-0.6172394008636473
S3PA04-20220822-13W,S3PA04,S,SA_PA,13,train,2.565,2.2189695835113525,-0.3460304164886474
S3PA04-20220906-15W,S3PA04,S,SA_PA,15,train,2.232,0.8834282755851746,-1.3485717244148256
S3PA04-20221102-24W,S3PA04,S,SA_PA,24,train,9.233,9.031203269958496,-0.20179673004150445
S3PA04-20221110-25W,S3PA04,S,SA_PA,25,train,10.849,10.02692985534668,-0.8220701446533205
S3PA04-20221206-28W,S3PA04,S,SA_PA,28,train,16.012,13.205467224121094,-2.8065327758789067
S4SAVF01-20220518-0W,S4SAVF01,S,NO,0,val,1.169,5.720034122467041,4.5510341224670405
S4SAVF01-20220603-2W,S4SAVF01,S,NO,2,val,1.04,4.384393215179443,3.3443932151794433
S4SAVF01-20220609-3W,S4SAVF01,S,NO,3,val,0.858,0.2555691599845886,-0.6024308400154114
S4SAVF01-20220616-4W,S4SAVF01,S,NO,4,val,0.378,1.0214592218399048,0.6434592218399048
S4SAVF01-20220623-5W,S4SAVF01,S,NO,5,val,0.451,1.9487158060073853,1.4977158060073852
S4SAVF01-20220630-6W,S4SAVF01,S,NO,6,val,0.791,0.19279925525188446,-0.5982007447481156
S4SAVF01-20220708-7W,S4SAVF01,S,NO,7,val,0.561,0.38112324476242065,-0.1798767552375794
S4SAVF01-20220714-8W,S4SAVF01,S,NO,8,val,0.686,4.981426239013672,4.295426239013672
S4SAVF01-20220721-9W,S4SAVF01,S,NO,9,val,0.528,0.2090565413236618,-0.3189434586763382
S4SAVF01-20220802-10W,S4SAVF01,S,NO,10,val,0.658,4.460487365722656,3.8024873657226563
S4SAVF01-20220822-13W,S4SAVF01,S,NO,13,val,0.606,1.1491142511367798,0.5431142511367798
S4SAVF01-20220906-15W,S4SAVF01,S,NO,15,val,3.987,12.923678398132324,8.936678398132324
S4SAVF01-20221102-24W,S4SAVF01,S,NO,24,val,18.712,19.164363861083984,0.45236386108398463
S4SAVF01-20221110-25W,S4SAVF01,S,NO,25,val,14.452,14.953496932983398,0.5014969329833985
S4SAVF01-20221206-28W,S4SAVF01,S,NO,28,val,26.472,18.317140579223633,-8.154859420776368
S4SAVF02-20220518-0W,S4SAVF02,S,SA_VF,0,test,0.026,3.249878168106079,3.2238781681060793
S4SAVF02-20220603-2W,S4SAVF02,S,SA_VF,2,test,0.02,2.8309595584869385,2.8109595584869385
S4SAVF02-20220609-3W,S4SAVF02,S,SA_VF,3,test,0.031,2.3795669078826904,2.3485669078826903
S4SAVF02-20220616-4W,S4SAVF02,S,SA_VF,4,test,0.046,2.080817461013794,2.034817461013794
S4SAVF02-20220623-5W,S4SAVF02,S,SA_VF,5,test,0.051,2.4502971172332764,2.399297117233276
S4SAVF02-20220630-6W,S4SAVF02,S,SA_VF,6,test,0.047,5.893576145172119,5.846576145172119
S4SAVF02-20220708-7W,S4SAVF02,S,SA_VF,7,test,0.048,1.7785216569900513,1.7305216569900512
S4SAVF02-20220714-8W,S4SAVF02,S,SA_VF,8,test,0.068,2.052391290664673,1.9843912906646728
S4SAVF02-20220721-9W,S4SAVF02,S,SA_VF,9,test,0.046,1.0910226106643677,1.0450226106643676
S4SAVF02-20220802-10W,S4SAVF02,S,SA_VF,10,test,0.113,0.5837780833244324,0.4707780833244324
S4SAVF02-20220822-13W,S4SAVF02,S,SA_VF,13,test,0.08,0.2791821360588074,0.19918213605880736
S4SAVF02-20220906-15W,S4SAVF02,S,SA_VF,15,test,0.61,6.057043552398682,5.447043552398681
S4SAVF02-20221102-24W,S4SAVF02,S,SA_VF,24,test,10.424,12.39963150024414,1.9756315002441411
S4SAVF02-20221110-25W,S4SAVF02,S,SA_VF,25,test,8.705,17.310136795043945,8.605136795043945
S4SAVF02-20221206-28W,S4SAVF02,S,SA_VF,28,test,28.881,14.67743968963623,-14.20356031036377
S4SAVF03-20220518-0W,S4SAVF03,S,SA_VF,0,train,0.007,1.3445945978164673,1.3375945978164674
S4SAVF03-20220603-2W,S4SAVF03,S,SA_VF,2,train,0.103,0.8034369349479675,0.7004369349479675
S4SAVF03-20220609-3W,S4SAVF03,S,SA_VF,3,train,0.63,1.3044129610061646,0.6744129610061645
S4SAVF03-20220616-4W,S4SAVF03,S,SA_VF,4,train,0.902,1.6920024156570435,0.7900024156570434
S4SAVF03-20220623-5W,S4SAVF03,S,SA_VF,5,train,1.008,1.9084511995315552,0.9004511995315552
S4SAVF03-20220630-6W,S4SAVF03,S,SA_VF,6,train,2.415,1.7654677629470825,-0.6495322370529175
S4SAVF03-20220708-7W,S4SAVF03,S,SA_VF,7,train,3.701,2.3029839992523193,-1.3980160007476807
S4SAVF03-20220714-8W,S4SAVF03,S,SA_VF,8,train,2.598,2.2227609157562256,-0.3752390842437743
S4SAVF03-20220721-9W,S4SAVF03,S,SA_VF,9,train,5.066,2.8661606311798096,-2.1998393688201903
S4SAVF03-20220802-10W,S4SAVF03,S,SA_VF,10,train,7.596,8.89022159576416,1.29422159576416
S4SAVF03-20220822-13W,S4SAVF03,S,SA_VF,13,train,5.999,2.710815668106079,-3.2881843318939206
S4SAVF03-20220906-15W,S4SAVF03,S,SA_VF,15,train,14.198,15.339609146118164,1.1416091461181637
S4SAVF03-20221102-24W,S4SAVF03,S,SA_VF,24,train,46.243,41.65956115722656,-4.58343884277344
S4SAVF03-20221110-25W,S4SAVF03,S,SA_VF,25,train,43.39,36.458160400390625,-6.931839599609376
S4SAVF03-20221206-28W,S4SAVF03,S,SA_VF,28,train,51.352,44.06610107421875,-7.285898925781247
S5VF01-20220518-0W,S5VF01,S,NO,0,train,0.653,-1.3182138204574585,-1.9712138204574585
S5VF01-20220603-2W,S5VF01,S,NO,2,train,0.587,1.6015821695327759,1.014582169532776
S5VF01-20220609-3W,S5VF01,S,NO,3,train,0.791,-0.7451298832893372,-1.536129883289337
S5VF01-20220616-4W,S5VF01,S,NO,4,train,0.614,0.10818641632795334,-0.5058135836720467
S5VF01-20220623-5W,S5VF01,S,NO,5,train,4.169,3.2940609455108643,-0.8749390544891353
S5VF01-20220630-6W,S5VF01,S,NO,6,train,4.811,0.9466368556022644,-3.8643631443977355
S5VF01-20220708-7W,S5VF01,S,NO,7,train,3.69,0.7863633036613464,-2.9036366963386535
S5VF01-20220714-8W,S5VF01,S,NO,8,train,5.694,2.895627737045288,-2.798372262954712
S5VF01-20220721-9W,S5VF01,S,NO,9,train,5.532,2.8710005283355713,-2.6609994716644287
S5VF01-20220802-10W,S5VF01,S,NO,10,train,7.701,8.672365188598633,0.9713651885986332
S5VF01-20220822-13W,S5VF01,S,NO,13,train,5.806,7.526218891143799,1.7202188911437988
S5VF01-20220906-15W,S5VF01,S,NO,15,train,13.325,15.586440086364746,2.261440086364747
S5VF01-20221102-24W,S5VF01,S,NO,24,train,33.744,35.618167877197266,1.8741678771972659
S5VF01-20221110-25W,S5VF01,S,NO,25,train,38.207,41.99725341796875,3.7902534179687493
S5VF01-20221206-28W,S5VF01,S,NO,28,train,44.589,44.9215087890625,0.33250878906250136
S5VF02-20220518-0W,S5VF02,S,VF,0,val,0.372,1.4646936655044556,1.0926936655044557
S5VF02-20220603-2W,S5VF02,S,VF,2,val,0.321,0.5171353220939636,0.19613532209396362
S5VF02-20220609-3W,S5VF02,S,VF,3,val,1.272,1.035143494606018,-0.23685650539398195
S5VF02-20220616-4W,S5VF02,S,VF,4,val,0.494,0.5183178782463074,0.02431787824630738
S5VF02-20220623-5W,S5VF02,S,VF,5,val,2.001,1.0960546731948853,-0.9049453268051146
S5VF02-20220630-6W,S5VF02,S,VF,6,val,2.134,-0.5303252339363098,-2.6643252339363097
S5VF02-20220708-7W,S5VF02,S,VF,7,val,2.145,0.010694197379052639,-2.1343058026209474
S5VF02-20220714-8W,S5VF02,S,VF,8,val,1.382,1.221678376197815,-0.16032162380218495
S5VF02-20220721-9W,S5VF02,S,VF,9,val,4.117,5.465914726257324,1.3489147262573242
S5VF02-20220802-10W,S5VF02,S,VF,10,val,4.609,5.625977516174316,1.0169775161743164
S5VF02-20220822-13W,S5VF02,S,VF,13,val,6.595,2.877234697341919,-3.717765302658081
S5VF02-20220906-15W,S5VF02,S,VF,15,val,13.707,4.5159912109375,-9.1910087890625
S5VF02-20221102-24W,S5VF02,S,VF,24,val,34.486,32.937843322753906,-1.5481566772460909
S5VF02-20221110-25W,S5VF02,S,VF,25,val,25.771,31.860980987548828,6.089980987548827
S5VF02-20221206-28W,S5VF02,S,VF,28,val,43.329,46.840118408203125,3.5111184082031244
S5VF03-20220518-0W,S5VF03,S,VF,0,train,0.632,1.7165085077285767,1.0845085077285765
S5VF03-20220603-2W,S5VF03,S,VF,2,train,0.037,-2.5060617923736572,-2.543061792373657
S5VF03-20220609-3W,S5VF03,S,VF,3,train,0.136,0.2109638899564743,0.0749638899564743
S5VF03-20220616-4W,S5VF03,S,VF,4,train,0.003,2.4019596576690674,2.3989596576690673
S5VF03-20220623-5W,S5VF03,S,VF,5,train,0.1,0.08975284546613693,-0.010247154533863073
S5VF03-20220630-6W,S5VF03,S,VF,6,train,0.047,0.30792683362960815,0.26092683362960817
S5VF03-20220708-7W,S5VF03,S,VF,7,train,0.098,-0.6572898030281067,-0.7552898030281067
S5VF03-20220714-8W,S5VF03,S,VF,8,train,0.159,-1.7080501317977905,-1.8670501317977906
S5VF03-20220721-9W,S5VF03,S,VF,9,train,1.163,-0.204519584774971,-1.367519584774971
S5VF03-20220802-10W,S5VF03,S,VF,10,train,0.478,2.371058702468872,1.893058702468872
S5VF03-20220822-13W,S5VF03,S,VF,13,train,0.064,0.5885178446769714,0.5245178446769714
S5VF03-20220906-15W,S5VF03,S,VF,15,train,1.304,0.8016564249992371,-0.502343575000763
S5VF03-20221102-24W,S5VF03,S,VF,24,train,18.977,17.031681060791016,-1.9453189392089847
S5VF03-20221110-25W,S5VF03,S,VF,25,train,16.806,14.631595611572266,-2.1744043884277353
S5VF03-20221206-28W,S5VF03,S,VF,28,train,28.244,22.258323669433594,-5.985676330566406
