feature,importance,importance_abs,importance_kind,direction,n_steel_mesh,split_name,repeat_id,fold_id,split_id
img_rust_area_ratio_pct_terminal,8.480166875241721,8.480166875241721,feature_importance,positive,4,grouped_cv,0,0,grouped_cv_repeat0_fold0
img_hsv_v_mean_mean,8.395184238652313,8.395184238652313,feature_importance,positive,4,grouped_cv,0,0,grouped_cv_repeat0_fold0
img_hsv_v_mean_slope,8.204244344773073,8.204244344773073,feature_importance,positive,4,grouped_cv,0,0,grouped_cv_repeat0_fold0
img_hsv_s_mean_slope,7.558128865275658,7.558128865275658,feature_importance,positive,4,grouped_cv,0,0,grouped_cv_repeat0_fold0
img_strip_rust_max_pct_terminal,6.754197167795247,6.754197167795247,feature_importance,positive,4,grouped_cv,0,0,grouped_cv_repeat0_fold0
img_rust_area_ratio_pct_slope,5.134607102498011,5.134607102498011,feature_importance,positive,4,grouped_cv,0,0,grouped_cv_repeat0_fold0
img_hsv_s_mean_max,4.852582384775318,4.852582384775318,feature_importance,positive,4,grouped_cv,0,0,grouped_cv_repeat0_fold0
img_strip_rust_max_pct_slope,4.341173368933407,4.341173368933407,feature_importance,positive,4,grouped_cv,0,0,grouped_cv_repeat0_fold0
img_hsv_v_mean_max,3.859537829120855,3.859537829120855,feature_importance,positive,4,grouped_cv,0,0,grouped_cv_repeat0_fold0
peak_rust_pct_slope,3.3923793826672197,3.3923793826672197,feature_importance,positive,4,grouped_cv,0,0,grouped_cv_repeat0_fold0
img_hsv_s_mean_mean,3.277956140945303,3.277956140945303,feature_importance,positive,4,grouped_cv,0,0,grouped_cv_repeat0_fold0
img_hsv_v_mean_terminal,3.1397842881349622,3.1397842881349622,feature_importance,positive,4,grouped_cv,0,0,grouped_cv_repeat0_fold0
weeks_after_onset_at_terminal,3.028634532810416,3.028634532810416,feature_importance,positive,4,grouped_cv,0,0,grouped_cv_repeat0_fold0
peak_rust_pct_terminal,3.012892306196581,3.012892306196581,feature_importance,positive,4,grouped_cv,0,0,grouped_cv_repeat0_fold0
img_strip_rust_max_pct_mean,2.7910765677513796,2.7910765677513796,feature_importance,positive,4,grouped_cv,0,0,grouped_cv_repeat0_fold0
visible_corrosion_onset_week,2.680669220100876,2.680669220100876,feature_importance,positive,4,grouped_cv,0,0,grouped_cv_repeat0_fold0
surface_total_rust_pct_slope,2.6761505347814936,2.6761505347814936,feature_importance,positive,4,grouped_cv,0,0,grouped_cv_repeat0_fold0
surface_total_rust_pct_mean,2.649785104885808,2.649785104885808,feature_importance,positive,4,grouped_cv,0,0,grouped_cv_repeat0_fold0
img_rust_area_ratio_pct_mean,2.4400462337687583,2.4400462337687583,feature_importance,positive,4,grouped_cv,0,0,grouped_cv_repeat0_fold0
img_hsv_s_mean_terminal,2.1707098793485318,2.1707098793485318,feature_importance,positive,4,grouped_cv,0,0,grouped_cv_repeat0_fold0
peak_rust_pct_max,2.1315343211835596,2.1315343211835596,feature_importance,positive,4,grouped_cv,0,0,grouped_cv_repeat0_fold0
surface_total_rust_pct_max,2.117923963571504,2.117923963571504,feature_importance,positive,4,grouped_cv,0,0,grouped_cv_repeat0_fold0
peak_rust_pct_mean,1.7151370483271358,1.7151370483271358,feature_importance,positive,4,grouped_cv,0,0,grouped_cv_repeat0_fold0
img_strip_rust_max_pct_max,1.5770990686727442,1.5770990686727442,feature_importance,positive,4,grouped_cv,0,0,grouped_cv_repeat0_fold0
surface_total_rust_pct_terminal,1.2585661926398144,1.2585661926398144,feature_importance,positive,4,grouped_cv,0,0,grouped_cv_repeat0_fold0
n_rows_post_onset,0.8615111944237589,0.8615111944237589,feature_importance,positive,4,grouped_cv,0,0,grouped_cv_repeat0_fold0
img_rust_area_ratio_pct_max,0.7897233607521257,0.7897233607521257,feature_importance,positive,4,grouped_cv,0,0,grouped_cv_repeat0_fold0
has_visible_corrosion_onset,0.7085984819724196,0.7085984819724196,feature_importance,positive,4,grouped_cv,0,0,grouped_cv_repeat0_fold0
peak_rust_pct_max,12.310396486178789,12.310396486178789,feature_importance,positive,7,grouped_cv,0,0,grouped_cv_repeat0_fold0
img_hsv_v_mean_mean,11.316561549392024,11.316561549392024,feature_importance,positive,7,grouped_cv,0,0,grouped_cv_repeat0_fold0
img_hsv_v_mean_slope,8.310387150056998,8.310387150056998,feature_importance,positive,7,grouped_cv,0,0,grouped_cv_repeat0_fold0
peak_rust_pct_terminal,7.239533151684488,7.239533151684488,feature_importance,positive,7,grouped_cv,0,0,grouped_cv_repeat0_fold0
img_hsv_s_mean_max,4.547295835570003,4.547295835570003,feature_importance,positive,7,grouped_cv,0,0,grouped_cv_repeat0_fold0
n_rows_post_onset,4.376671950075582,4.376671950075582,feature_importance,positive,7,grouped_cv,0,0,grouped_cv_repeat0_fold0
img_strip_rust_max_pct_slope,4.1464132300771155,4.1464132300771155,feature_importance,positive,7,grouped_cv,0,0,grouped_cv_repeat0_fold0
visible_corrosion_onset_week,4.1007042082091845,4.1007042082091845,feature_importance,positive,7,grouped_cv,0,0,grouped_cv_repeat0_fold0
img_strip_rust_max_pct_mean,3.6163505849434787,3.6163505849434787,feature_importance,positive,7,grouped_cv,0,0,grouped_cv_repeat0_fold0
img_hsv_s_mean_terminal,3.5225144133919306,3.5225144133919306,feature_importance,positive,7,grouped_cv,0,0,grouped_cv_repeat0_fold0
peak_rust_pct_slope,3.46796584579997,3.46796584579997,feature_importance,positive,7,grouped_cv,0,0,grouped_cv_repeat0_fold0
img_hsv_s_mean_mean,3.268366044777749,3.268366044777749,feature_importance,positive,7,grouped_cv,0,0,grouped_cv_repeat0_fold0
img_hsv_v_mean_max,3.2417396673831407,3.2417396673831407,feature_importance,positive,7,grouped_cv,0,0,grouped_cv_repeat0_fold0
surface_total_rust_pct_max,2.582986417133471,2.582986417133471,feature_importance,positive,7,grouped_cv,0,0,grouped_cv_repeat0_fold0
weeks_after_onset_at_terminal,2.527046079246733,2.527046079246733,feature_importance,positive,7,grouped_cv,0,0,grouped_cv_repeat0_fold0
img_hsv_v_mean_terminal,2.390584717176658,2.390584717176658,feature_importance,positive,7,grouped_cv,0,0,grouped_cv_repeat0_fold0
surface_total_rust_pct_mean,2.2252686000914506,2.2252686000914506,feature_importance,positive,7,grouped_cv,0,0,grouped_cv_repeat0_fold0
img_strip_rust_max_pct_terminal,2.1807561658307937,2.1807561658307937,feature_importance,positive,7,grouped_cv,0,0,grouped_cv_repeat0_fold0
img_rust_area_ratio_pct_mean,2.172180001420113,2.172180001420113,feature_importance,positive,7,grouped_cv,0,0,grouped_cv_repeat0_fold0
img_rust_area_ratio_pct_slope,2.0484786509488706,2.0484786509488706,feature_importance,positive,7,grouped_cv,0,0,grouped_cv_repeat0_fold0
surface_total_rust_pct_slope,1.9784200179616713,1.9784200179616713,feature_importance,positive,7,grouped_cv,0,0,grouped_cv_repeat0_fold0
peak_rust_pct_mean,1.6829820391842056,1.6829820391842056,feature_importance,positive,7,grouped_cv,0,0,grouped_cv_repeat0_fold0
img_rust_area_ratio_pct_terminal,1.5985029570845,1.5985029570845,feature_importance,positive,7,grouped_cv,0,0,grouped_cv_repeat0_fold0
img_rust_area_ratio_pct_max,1.450806832487622,1.450806832487622,feature_importance,positive,7,grouped_cv,0,0,grouped_cv_repeat0_fold0
img_hsv_s_mean_slope,1.4445115662680665,1.4445115662680665,feature_importance,positive,7,grouped_cv,0,0,grouped_cv_repeat0_fold0
img_strip_rust_max_pct_max,1.320660316171755,1.320660316171755,feature_importance,positive,7,grouped_cv,0,0,grouped_cv_repeat0_fold0
surface_total_rust_pct_terminal,0.9319155214536565,0.9319155214536565,feature_importance,positive,7,grouped_cv,0,0,grouped_cv_repeat0_fold0
has_visible_corrosion_onset,0.0,0.0,feature_importance,positive,7,grouped_cv,0,0,grouped_cv_repeat0_fold0
img_hsv_v_mean_slope,9.903778159927052,9.903778159927052,feature_importance,positive,4,grouped_cv,0,1,grouped_cv_repeat0_fold1
img_hsv_v_mean_mean,9.535273589343584,9.535273589343584,feature_importance,positive,4,grouped_cv,0,1,grouped_cv_repeat0_fold1
img_hsv_v_mean_terminal,8.552344191840607,8.552344191840607,feature_importance,positive,4,grouped_cv,0,1,grouped_cv_repeat0_fold1
img_hsv_s_mean_slope,7.0197964397569,7.0197964397569,feature_importance,positive,4,grouped_cv,0,1,grouped_cv_repeat0_fold1
peak_rust_pct_max,6.08279259892216,6.08279259892216,feature_importance,positive,4,grouped_cv,0,1,grouped_cv_repeat0_fold1
img_hsv_s_mean_terminal,5.940232236510542,5.940232236510542,feature_importance,positive,4,grouped_cv,0,1,grouped_cv_repeat0_fold1
img_hsv_s_mean_max,4.742009406078354,4.742009406078354,feature_importance,positive,4,grouped_cv,0,1,grouped_cv_repeat0_fold1
img_strip_rust_max_pct_mean,4.704048657962748,4.704048657962748,feature_importance,positive,4,grouped_cv,0,1,grouped_cv_repeat0_fold1
img_hsv_s_mean_mean,4.271225231445313,4.271225231445313,feature_importance,positive,4,grouped_cv,0,1,grouped_cv_repeat0_fold1
img_strip_rust_max_pct_terminal,4.172027818898979,4.172027818898979,feature_importance,positive,4,grouped_cv,0,1,grouped_cv_repeat0_fold1
surface_total_rust_pct_terminal,4.164284583434386,4.164284583434386,feature_importance,positive,4,grouped_cv,0,1,grouped_cv_repeat0_fold1
img_strip_rust_max_pct_max,2.6755141316200493,2.6755141316200493,feature_importance,positive,4,grouped_cv,0,1,grouped_cv_repeat0_fold1
img_rust_area_ratio_pct_mean,2.5236951360207014,2.5236951360207014,feature_importance,positive,4,grouped_cv,0,1,grouped_cv_repeat0_fold1
img_rust_area_ratio_pct_terminal,2.5187797767909794,2.5187797767909794,feature_importance,positive,4,grouped_cv,0,1,grouped_cv_repeat0_fold1
peak_rust_pct_slope,2.4382695634767626,2.4382695634767626,feature_importance,positive,4,grouped_cv,0,1,grouped_cv_repeat0_fold1
surface_total_rust_pct_slope,2.3746212615370035,2.3746212615370035,feature_importance,positive,4,grouped_cv,0,1,grouped_cv_repeat0_fold1
visible_corrosion_onset_week,2.286871953011814,2.286871953011814,feature_importance,positive,4,grouped_cv,0,1,grouped_cv_repeat0_fold1
weeks_after_onset_at_terminal,2.116211124052663,2.116211124052663,feature_importance,positive,4,grouped_cv,0,1,grouped_cv_repeat0_fold1
peak_rust_pct_mean,1.9496812363266094,1.9496812363266094,feature_importance,positive,4,grouped_cv,0,1,grouped_cv_repeat0_fold1
surface_total_rust_pct_max,1.9188276628825713,1.9188276628825713,feature_importance,positive,4,grouped_cv,0,1,grouped_cv_repeat0_fold1
img_hsv_v_mean_max,1.8672798353685824,1.8672798353685824,feature_importance,positive,4,grouped_cv,0,1,grouped_cv_repeat0_fold1
img_strip_rust_max_pct_slope,1.6580666984623942,1.6580666984623942,feature_importance,positive,4,grouped_cv,0,1,grouped_cv_repeat0_fold1
has_visible_corrosion_onset,1.3957443248533452,1.3957443248533452,feature_importance,positive,4,grouped_cv,0,1,grouped_cv_repeat0_fold1
img_rust_area_ratio_pct_max,1.2638371526954861,1.2638371526954861,feature_importance,positive,4,grouped_cv,0,1,grouped_cv_repeat0_fold1
surface_total_rust_pct_mean,1.160867704344275,1.160867704344275,feature_importance,positive,4,grouped_cv,0,1,grouped_cv_repeat0_fold1
n_rows_post_onset,1.0631668989989635,1.0631668989989635,feature_importance,positive,4,grouped_cv,0,1,grouped_cv_repeat0_fold1
img_rust_area_ratio_pct_slope,1.0253417825222544,1.0253417825222544,feature_importance,positive,4,grouped_cv,0,1,grouped_cv_repeat0_fold1
peak_rust_pct_terminal,0.6754108429149134,0.6754108429149134,feature_importance,positive,4,grouped_cv,0,1,grouped_cv_repeat0_fold1
img_hsv_s_mean_slope,10.486153657646907,10.486153657646907,feature_importance,positive,7,grouped_cv,0,1,grouped_cv_repeat0_fold1
img_hsv_v_mean_mean,8.871450409743856,8.871450409743856,feature_importance,positive,7,grouped_cv,0,1,grouped_cv_repeat0_fold1
img_rust_area_ratio_pct_slope,6.444734532073296,6.444734532073296,feature_importance,positive,7,grouped_cv,0,1,grouped_cv_repeat0_fold1
img_strip_rust_max_pct_max,5.438564378024336,5.438564378024336,feature_importance,positive,7,grouped_cv,0,1,grouped_cv_repeat0_fold1
img_hsv_v_mean_max,5.276357774770914,5.276357774770914,feature_importance,positive,7,grouped_cv,0,1,grouped_cv_repeat0_fold1
img_hsv_v_mean_slope,5.196533853419808,5.196533853419808,feature_importance,positive,7,grouped_cv,0,1,grouped_cv_repeat0_fold1
img_strip_rust_max_pct_terminal,4.6828387513012695,4.6828387513012695,feature_importance,positive,7,grouped_cv,0,1,grouped_cv_repeat0_fold1
visible_corrosion_onset_week,4.515038092892502,4.515038092892502,feature_importance,positive,7,grouped_cv,0,1,grouped_cv_repeat0_fold1
img_hsv_v_mean_terminal,4.10550013878267,4.10550013878267,feature_importance,positive,7,grouped_cv,0,1,grouped_cv_repeat0_fold1
img_hsv_s_mean_mean,3.8662153460298456,3.8662153460298456,feature_importance,positive,7,grouped_cv,0,1,grouped_cv_repeat0_fold1
weeks_after_onset_at_terminal,3.716154825887055,3.716154825887055,feature_importance,positive,7,grouped_cv,0,1,grouped_cv_repeat0_fold1
surface_total_rust_pct_slope,3.647382729562792,3.647382729562792,feature_importance,positive,7,grouped_cv,0,1,grouped_cv_repeat0_fold1
img_hsv_s_mean_terminal,3.612166516545039,3.612166516545039,feature_importance,positive,7,grouped_cv,0,1,grouped_cv_repeat0_fold1
img_strip_rust_max_pct_slope,3.5602313396637575,3.5602313396637575,feature_importance,positive,7,grouped_cv,0,1,grouped_cv_repeat0_fold1
n_rows_post_onset,3.5023632689430646,3.5023632689430646,feature_importance,positive,7,grouped_cv,0,1,grouped_cv_repeat0_fold1
peak_rust_pct_slope,3.0421949104825554,3.0421949104825554,feature_importance,positive,7,grouped_cv,0,1,grouped_cv_repeat0_fold1
peak_rust_pct_max,2.6453555083546227,2.6453555083546227,feature_importance,positive,7,grouped_cv,0,1,grouped_cv_repeat0_fold1
peak_rust_pct_mean,2.382273896063123,2.382273896063123,feature_importance,positive,7,grouped_cv,0,1,grouped_cv_repeat0_fold1
surface_total_rust_pct_terminal,2.377603923650801,2.377603923650801,feature_importance,positive,7,grouped_cv,0,1,grouped_cv_repeat0_fold1
img_rust_area_ratio_pct_max,2.1816363484034813,2.1816363484034813,feature_importance,positive,7,grouped_cv,0,1,grouped_cv_repeat0_fold1
peak_rust_pct_terminal,2.006761277615255,2.006761277615255,feature_importance,positive,7,grouped_cv,0,1,grouped_cv_repeat0_fold1
img_strip_rust_max_pct_mean,1.8648791961104745,1.8648791961104745,feature_importance,positive,7,grouped_cv,0,1,grouped_cv_repeat0_fold1
img_hsv_s_mean_max,1.7616935373193827,1.7616935373193827,feature_importance,positive,7,grouped_cv,0,1,grouped_cv_repeat0_fold1
img_rust_area_ratio_pct_mean,1.6181331506614953,1.6181331506614953,feature_importance,positive,7,grouped_cv,0,1,grouped_cv_repeat0_fold1
surface_total_rust_pct_max,1.429581674069135,1.429581674069135,feature_importance,positive,7,grouped_cv,0,1,grouped_cv_repeat0_fold1
img_rust_area_ratio_pct_terminal,1.3600767360930486,1.3600767360930486,feature_importance,positive,7,grouped_cv,0,1,grouped_cv_repeat0_fold1
surface_total_rust_pct_mean,0.408124225889519,0.408124225889519,feature_importance,positive,7,grouped_cv,0,1,grouped_cv_repeat0_fold1
has_visible_corrosion_onset,0.0,0.0,feature_importance,positive,7,grouped_cv,0,1,grouped_cv_repeat0_fold1
img_hsv_v_mean_mean,14.203772036787182,14.203772036787182,feature_importance,positive,4,grouped_cv,0,2,grouped_cv_repeat0_fold2
img_hsv_v_mean_terminal,12.650924085911523,12.650924085911523,feature_importance,positive,4,grouped_cv,0,2,grouped_cv_repeat0_fold2
surface_total_rust_pct_mean,7.704932763264994,7.704932763264994,feature_importance,positive,4,grouped_cv,0,2,grouped_cv_repeat0_fold2
img_hsv_s_mean_slope,6.596365274063698,6.596365274063698,feature_importance,positive,4,grouped_cv,0,2,grouped_cv_repeat0_fold2
img_rust_area_ratio_pct_mean,6.064139448405845,6.064139448405845,feature_importance,positive,4,grouped_cv,0,2,grouped_cv_repeat0_fold2
img_hsv_v_mean_slope,4.711696397925956,4.711696397925956,feature_importance,positive,4,grouped_cv,0,2,grouped_cv_repeat0_fold2
img_rust_area_ratio_pct_terminal,4.078186568774806,4.078186568774806,feature_importance,positive,4,grouped_cv,0,2,grouped_cv_repeat0_fold2
peak_rust_pct_max,3.9247685065473847,3.9247685065473847,feature_importance,positive,4,grouped_cv,0,2,grouped_cv_repeat0_fold2
img_hsv_v_mean_max,3.479482761873103,3.479482761873103,feature_importance,positive,4,grouped_cv,0,2,grouped_cv_repeat0_fold2
img_strip_rust_max_pct_max,3.449942209093231,3.449942209093231,feature_importance,positive,4,grouped_cv,0,2,grouped_cv_repeat0_fold2
img_strip_rust_max_pct_slope,3.4106231442061294,3.4106231442061294,feature_importance,positive,4,grouped_cv,0,2,grouped_cv_repeat0_fold2
surface_total_rust_pct_terminal,3.146583007435715,3.146583007435715,feature_importance,positive,4,grouped_cv,0,2,grouped_cv_repeat0_fold2
peak_rust_pct_mean,3.073863228495785,3.073863228495785,feature_importance,positive,4,grouped_cv,0,2,grouped_cv_repeat0_fold2
img_hsv_s_mean_max,3.0183317729878523,3.0183317729878523,feature_importance,positive,4,grouped_cv,0,2,grouped_cv_repeat0_fold2
img_strip_rust_max_pct_mean,2.6237968111457373,2.6237968111457373,feature_importance,positive,4,grouped_cv,0,2,grouped_cv_repeat0_fold2
img_strip_rust_max_pct_terminal,2.5297300628256894,2.5297300628256894,feature_importance,positive,4,grouped_cv,0,2,grouped_cv_repeat0_fold2
img_rust_area_ratio_pct_max,2.071739525359068,2.071739525359068,feature_importance,positive,4,grouped_cv,0,2,grouped_cv_repeat0_fold2
surface_total_rust_pct_slope,1.894076707200375,1.894076707200375,feature_importance,positive,4,grouped_cv,0,2,grouped_cv_repeat0_fold2
img_rust_area_ratio_pct_slope,1.8841107140955322,1.8841107140955322,feature_importance,positive,4,grouped_cv,0,2,grouped_cv_repeat0_fold2
surface_total_rust_pct_max,1.7948656492862747,1.7948656492862747,feature_importance,positive,4,grouped_cv,0,2,grouped_cv_repeat0_fold2
img_hsv_s_mean_mean,1.790160682564058,1.790160682564058,feature_importance,positive,4,grouped_cv,0,2,grouped_cv_repeat0_fold2
peak_rust_pct_terminal,1.7680125150272596,1.7680125150272596,feature_importance,positive,4,grouped_cv,0,2,grouped_cv_repeat0_fold2
peak_rust_pct_slope,1.4440304373838002,1.4440304373838002,feature_importance,positive,4,grouped_cv,0,2,grouped_cv_repeat0_fold2
img_hsv_s_mean_terminal,1.0232395597298134,1.0232395597298134,feature_importance,positive,4,grouped_cv,0,2,grouped_cv_repeat0_fold2
visible_corrosion_onset_week,0.7433052467860075,0.7433052467860075,feature_importance,positive,4,grouped_cv,0,2,grouped_cv_repeat0_fold2
weeks_after_onset_at_terminal,0.6211188502021878,0.6211188502021878,feature_importance,positive,4,grouped_cv,0,2,grouped_cv_repeat0_fold2
n_rows_post_onset,0.2077915132148078,0.2077915132148078,feature_importance,positive,4,grouped_cv,0,2,grouped_cv_repeat0_fold2
has_visible_corrosion_onset,0.09041051940615928,0.09041051940615928,feature_importance,positive,4,grouped_cv,0,2,grouped_cv_repeat0_fold2
img_strip_rust_max_pct_terminal,12.094872711651137,12.094872711651137,feature_importance,positive,7,grouped_cv,0,2,grouped_cv_repeat0_fold2
img_hsv_v_mean_slope,7.979498763568346,7.979498763568346,feature_importance,positive,7,grouped_cv,0,2,grouped_cv_repeat0_fold2
img_rust_area_ratio_pct_max,7.142506254691806,7.142506254691806,feature_importance,positive,7,grouped_cv,0,2,grouped_cv_repeat0_fold2
img_strip_rust_max_pct_slope,5.6904477103724345,5.6904477103724345,feature_importance,positive,7,grouped_cv,0,2,grouped_cv_repeat0_fold2
img_hsv_v_mean_mean,5.639600176773788,5.639600176773788,feature_importance,positive,7,grouped_cv,0,2,grouped_cv_repeat0_fold2
img_strip_rust_max_pct_max,4.923552358708678,4.923552358708678,feature_importance,positive,7,grouped_cv,0,2,grouped_cv_repeat0_fold2
surface_total_rust_pct_terminal,4.426078691809497,4.426078691809497,feature_importance,positive,7,grouped_cv,0,2,grouped_cv_repeat0_fold2
img_hsv_s_mean_slope,4.201825548378794,4.201825548378794,feature_importance,positive,7,grouped_cv,0,2,grouped_cv_repeat0_fold2
img_rust_area_ratio_pct_terminal,4.186880057633263,4.186880057633263,feature_importance,positive,7,grouped_cv,0,2,grouped_cv_repeat0_fold2
surface_total_rust_pct_max,3.798165973584362,3.798165973584362,feature_importance,positive,7,grouped_cv,0,2,grouped_cv_repeat0_fold2
img_rust_area_ratio_pct_mean,3.579476776454939,3.579476776454939,feature_importance,positive,7,grouped_cv,0,2,grouped_cv_repeat0_fold2
img_strip_rust_max_pct_mean,3.5440624924920177,3.5440624924920177,feature_importance,positive,7,grouped_cv,0,2,grouped_cv_repeat0_fold2
img_hsv_s_mean_mean,3.316635983847315,3.316635983847315,feature_importance,positive,7,grouped_cv,0,2,grouped_cv_repeat0_fold2
img_hsv_v_mean_terminal,3.30762849981535,3.30762849981535,feature_importance,positive,7,grouped_cv,0,2,grouped_cv_repeat0_fold2
surface_total_rust_pct_slope,3.1607867510178123,3.1607867510178123,feature_importance,positive,7,grouped_cv,0,2,grouped_cv_repeat0_fold2
n_rows_post_onset,2.7552705414132674,2.7552705414132674,feature_importance,positive,7,grouped_cv,0,2,grouped_cv_repeat0_fold2
weeks_after_onset_at_terminal,2.3955441738781675,2.3955441738781675,feature_importance,positive,7,grouped_cv,0,2,grouped_cv_repeat0_fold2
peak_rust_pct_max,2.338839765594282,2.338839765594282,feature_importance,positive,7,grouped_cv,0,2,grouped_cv_repeat0_fold2
img_hsv_v_mean_max,2.289062315632748,2.289062315632748,feature_importance,positive,7,grouped_cv,0,2,grouped_cv_repeat0_fold2
img_hsv_s_mean_max,2.215834332935403,2.215834332935403,feature_importance,positive,7,grouped_cv,0,2,grouped_cv_repeat0_fold2
peak_rust_pct_slope,2.120572246626749,2.120572246626749,feature_importance,positive,7,grouped_cv,0,2,grouped_cv_repeat0_fold2
img_rust_area_ratio_pct_slope,1.6478102922462758,1.6478102922462758,feature_importance,positive,7,grouped_cv,0,2,grouped_cv_repeat0_fold2
peak_rust_pct_terminal,1.523479606655789,1.523479606655789,feature_importance,positive,7,grouped_cv,0,2,grouped_cv_repeat0_fold2
img_hsv_s_mean_terminal,1.4757262315151431,1.4757262315151431,feature_importance,positive,7,grouped_cv,0,2,grouped_cv_repeat0_fold2
visible_corrosion_onset_week,1.447326646704377,1.447326646704377,feature_importance,positive,7,grouped_cv,0,2,grouped_cv_repeat0_fold2
surface_total_rust_pct_mean,1.4167853801842591,1.4167853801842591,feature_importance,positive,7,grouped_cv,0,2,grouped_cv_repeat0_fold2
peak_rust_pct_mean,1.3817297158140185,1.3817297158140185,feature_importance,positive,7,grouped_cv,0,2,grouped_cv_repeat0_fold2
has_visible_corrosion_onset,0.0,0.0,feature_importance,positive,7,grouped_cv,0,2,grouped_cv_repeat0_fold2
img_hsv_v_mean_mean,17.34068224528031,17.34068224528031,feature_importance,positive,4,grouped_cv,0,3,grouped_cv_repeat0_fold3
img_hsv_v_mean_max,11.107073927012983,11.107073927012983,feature_importance,positive,4,grouped_cv,0,3,grouped_cv_repeat0_fold3
img_strip_rust_max_pct_terminal,5.720366916008772,5.720366916008772,feature_importance,positive,4,grouped_cv,0,3,grouped_cv_repeat0_fold3
surface_total_rust_pct_mean,4.893251566181496,4.893251566181496,feature_importance,positive,4,grouped_cv,0,3,grouped_cv_repeat0_fold3
surface_total_rust_pct_max,4.2484033886338,4.2484033886338,feature_importance,positive,4,grouped_cv,0,3,grouped_cv_repeat0_fold3
n_rows_post_onset,3.8923828590021725,3.8923828590021725,feature_importance,positive,4,grouped_cv,0,3,grouped_cv_repeat0_fold3
img_strip_rust_max_pct_mean,3.8647256265018877,3.8647256265018877,feature_importance,positive,4,grouped_cv,0,3,grouped_cv_repeat0_fold3
img_strip_rust_max_pct_max,3.8080508239768944,3.8080508239768944,feature_importance,positive,4,grouped_cv,0,3,grouped_cv_repeat0_fold3
img_hsv_v_mean_terminal,3.799234758620714,3.799234758620714,feature_importance,positive,4,grouped_cv,0,3,grouped_cv_repeat0_fold3
img_rust_area_ratio_pct_mean,3.6133332994096694,3.6133332994096694,feature_importance,positive,4,grouped_cv,0,3,grouped_cv_repeat0_fold3
img_rust_area_ratio_pct_terminal,3.6127629070344893,3.6127629070344893,feature_importance,positive,4,grouped_cv,0,3,grouped_cv_repeat0_fold3
peak_rust_pct_max,3.5264321597858865,3.5264321597858865,feature_importance,positive,4,grouped_cv,0,3,grouped_cv_repeat0_fold3
img_hsv_s_mean_slope,3.406784556410689,3.406784556410689,feature_importance,positive,4,grouped_cv,0,3,grouped_cv_repeat0_fold3
peak_rust_pct_terminal,3.0742052871772234,3.0742052871772234,feature_importance,positive,4,grouped_cv,0,3,grouped_cv_repeat0_fold3
img_rust_area_ratio_pct_max,3.0062009191939922,3.0062009191939922,feature_importance,positive,4,grouped_cv,0,3,grouped_cv_repeat0_fold3
peak_rust_pct_slope,2.8742222469630145,2.8742222469630145,feature_importance,positive,4,grouped_cv,0,3,grouped_cv_repeat0_fold3
img_hsv_v_mean_slope,2.8454739569764564,2.8454739569764564,feature_importance,positive,4,grouped_cv,0,3,grouped_cv_repeat0_fold3
peak_rust_pct_mean,2.751270348814607,2.751270348814607,feature_importance,positive,4,grouped_cv,0,3,grouped_cv_repeat0_fold3
img_rust_area_ratio_pct_slope,2.251681259201965,2.251681259201965,feature_importance,positive,4,grouped_cv,0,3,grouped_cv_repeat0_fold3
img_hsv_s_mean_max,1.7831997947635128,1.7831997947635128,feature_importance,positive,4,grouped_cv,0,3,grouped_cv_repeat0_fold3
surface_total_rust_pct_terminal,1.6952149870872093,1.6952149870872093,feature_importance,positive,4,grouped_cv,0,3,grouped_cv_repeat0_fold3
has_visible_corrosion_onset,1.4371186011687584,1.4371186011687584,feature_importance,positive,4,grouped_cv,0,3,grouped_cv_repeat0_fold3
weeks_after_onset_at_terminal,1.2883059431815287,1.2883059431815287,feature_importance,positive,4,grouped_cv,0,3,grouped_cv_repeat0_fold3
surface_total_rust_pct_slope,1.0818524533009912,1.0818524533009912,feature_importance,positive,4,grouped_cv,0,3,grouped_cv_repeat0_fold3
img_hsv_s_mean_terminal,0.8471159634776149,0.8471159634776149,feature_importance,positive,4,grouped_cv,0,3,grouped_cv_repeat0_fold3
img_hsv_s_mean_mean,0.8213280744871807,0.8213280744871807,feature_importance,positive,4,grouped_cv,0,3,grouped_cv_repeat0_fold3
img_strip_rust_max_pct_slope,0.7406047960861831,0.7406047960861831,feature_importance,positive,4,grouped_cv,0,3,grouped_cv_repeat0_fold3
visible_corrosion_onset_week,0.6687203342599796,0.6687203342599796,feature_importance,positive,4,grouped_cv,0,3,grouped_cv_repeat0_fold3
img_strip_rust_max_pct_terminal,14.005411293102677,14.005411293102677,feature_importance,positive,7,grouped_cv,0,3,grouped_cv_repeat0_fold3
img_strip_rust_max_pct_slope,9.625901218558209,9.625901218558209,feature_importance,positive,7,grouped_cv,0,3,grouped_cv_repeat0_fold3
img_hsv_v_mean_mean,8.060854587929532,8.060854587929532,feature_importance,positive,7,grouped_cv,0,3,grouped_cv_repeat0_fold3
img_hsv_v_mean_slope,6.4499301265716245,6.4499301265716245,feature_importance,positive,7,grouped_cv,0,3,grouped_cv_repeat0_fold3
img_strip_rust_max_pct_max,5.530701155890391,5.530701155890391,feature_importance,positive,7,grouped_cv,0,3,grouped_cv_repeat0_fold3
img_strip_rust_max_pct_mean,4.914939226014571,4.914939226014571,feature_importance,positive,7,grouped_cv,0,3,grouped_cv_repeat0_fold3
img_hsv_s_mean_slope,4.748674735233605,4.748674735233605,feature_importance,positive,7,grouped_cv,0,3,grouped_cv_repeat0_fold3
img_rust_area_ratio_pct_terminal,4.088801500134237,4.088801500134237,feature_importance,positive,7,grouped_cv,0,3,grouped_cv_repeat0_fold3
img_hsv_v_mean_max,3.9395347424635236,3.9395347424635236,feature_importance,positive,7,grouped_cv,0,3,grouped_cv_repeat0_fold3
peak_rust_pct_max,3.862467199805188,3.862467199805188,feature_importance,positive,7,grouped_cv,0,3,grouped_cv_repeat0_fold3
n_rows_post_onset,3.527935804947185,3.527935804947185,feature_importance,positive,7,grouped_cv,0,3,grouped_cv_repeat0_fold3
weeks_after_onset_at_terminal,3.3082853859152275,3.3082853859152275,feature_importance,positive,7,grouped_cv,0,3,grouped_cv_repeat0_fold3
visible_corrosion_onset_week,3.2906125822168546,3.2906125822168546,feature_importance,positive,7,grouped_cv,0,3,grouped_cv_repeat0_fold3
peak_rust_pct_mean,2.718997790288772,2.718997790288772,feature_importance,positive,7,grouped_cv,0,3,grouped_cv_repeat0_fold3
img_rust_area_ratio_pct_max,2.3447715096321864,2.3447715096321864,feature_importance,positive,7,grouped_cv,0,3,grouped_cv_repeat0_fold3
surface_total_rust_pct_max,2.3052750270024274,2.3052750270024274,feature_importance,positive,7,grouped_cv,0,3,grouped_cv_repeat0_fold3
img_rust_area_ratio_pct_slope,2.101377449387628,2.101377449387628,feature_importance,positive,7,grouped_cv,0,3,grouped_cv_repeat0_fold3
surface_total_rust_pct_terminal,2.0679935264079257,2.0679935264079257,feature_importance,positive,7,grouped_cv,0,3,grouped_cv_repeat0_fold3
peak_rust_pct_terminal,1.9591758772787162,1.9591758772787162,feature_importance,positive,7,grouped_cv,0,3,grouped_cv_repeat0_fold3
surface_total_rust_pct_slope,1.9335989992938802,1.9335989992938802,feature_importance,positive,7,grouped_cv,0,3,grouped_cv_repeat0_fold3
img_hsv_s_mean_terminal,1.804487640504682,1.804487640504682,feature_importance,positive,7,grouped_cv,0,3,grouped_cv_repeat0_fold3
img_hsv_v_mean_terminal,1.5226888366805058,1.5226888366805058,feature_importance,positive,7,grouped_cv,0,3,grouped_cv_repeat0_fold3
img_hsv_s_mean_mean,1.355142451122675,1.355142451122675,feature_importance,positive,7,grouped_cv,0,3,grouped_cv_repeat0_fold3
img_hsv_s_mean_max,1.3143800309904372,1.3143800309904372,feature_importance,positive,7,grouped_cv,0,3,grouped_cv_repeat0_fold3
surface_total_rust_pct_mean,1.2620650797604558,1.2620650797604558,feature_importance,positive,7,grouped_cv,0,3,grouped_cv_repeat0_fold3
peak_rust_pct_slope,1.1204874536076384,1.1204874536076384,feature_importance,positive,7,grouped_cv,0,3,grouped_cv_repeat0_fold3
img_rust_area_ratio_pct_mean,0.8355087692592189,0.8355087692592189,feature_importance,positive,7,grouped_cv,0,3,grouped_cv_repeat0_fold3
has_visible_corrosion_onset,0.0,0.0,feature_importance,positive,7,grouped_cv,0,3,grouped_cv_repeat0_fold3
img_hsv_s_mean_slope,15.274598821538811,15.274598821538811,feature_importance,positive,4,grouped_cv,0,4,grouped_cv_repeat0_fold4
img_hsv_v_mean_mean,10.507659532326041,10.507659532326041,feature_importance,positive,4,grouped_cv,0,4,grouped_cv_repeat0_fold4
img_hsv_v_mean_terminal,9.514854849480031,9.514854849480031,feature_importance,positive,4,grouped_cv,0,4,grouped_cv_repeat0_fold4
surface_total_rust_pct_terminal,4.377140882791724,4.377140882791724,feature_importance,positive,4,grouped_cv,0,4,grouped_cv_repeat0_fold4
peak_rust_pct_terminal,4.321489233604895,4.321489233604895,feature_importance,positive,4,grouped_cv,0,4,grouped_cv_repeat0_fold4
img_rust_area_ratio_pct_terminal,4.1868208922372006,4.1868208922372006,feature_importance,positive,4,grouped_cv,0,4,grouped_cv_repeat0_fold4
img_strip_rust_max_pct_mean,3.7728130480728264,3.7728130480728264,feature_importance,positive,4,grouped_cv,0,4,grouped_cv_repeat0_fold4
img_strip_rust_max_pct_slope,3.5524365124610124,3.5524365124610124,feature_importance,positive,4,grouped_cv,0,4,grouped_cv_repeat0_fold4
img_hsv_s_mean_mean,3.4017294168456647,3.4017294168456647,feature_importance,positive,4,grouped_cv,0,4,grouped_cv_repeat0_fold4
img_rust_area_ratio_pct_mean,2.8688175053508216,2.8688175053508216,feature_importance,positive,4,grouped_cv,0,4,grouped_cv_repeat0_fold4
img_hsv_v_mean_slope,2.855191102700557,2.855191102700557,feature_importance,positive,4,grouped_cv,0,4,grouped_cv_repeat0_fold4
img_hsv_s_mean_max,2.7929055507550826,2.7929055507550826,feature_importance,positive,4,grouped_cv,0,4,grouped_cv_repeat0_fold4
img_strip_rust_max_pct_terminal,2.773363265246031,2.773363265246031,feature_importance,positive,4,grouped_cv,0,4,grouped_cv_repeat0_fold4
img_hsv_v_mean_max,2.719969023024278,2.719969023024278,feature_importance,positive,4,grouped_cv,0,4,grouped_cv_repeat0_fold4
img_hsv_s_mean_terminal,2.716646221352568,2.716646221352568,feature_importance,positive,4,grouped_cv,0,4,grouped_cv_repeat0_fold4
peak_rust_pct_mean,2.679875997417677,2.679875997417677,feature_importance,positive,4,grouped_cv,0,4,grouped_cv_repeat0_fold4
n_rows_post_onset,2.5674184034740937,2.5674184034740937,feature_importance,positive,4,grouped_cv,0,4,grouped_cv_repeat0_fold4
peak_rust_pct_max,2.4735605944984655,2.4735605944984655,feature_importance,positive,4,grouped_cv,0,4,grouped_cv_repeat0_fold4
img_rust_area_ratio_pct_max,2.426127021203604,2.426127021203604,feature_importance,positive,4,grouped_cv,0,4,grouped_cv_repeat0_fold4
visible_corrosion_onset_week,2.132484633591765,2.132484633591765,feature_importance,positive,4,grouped_cv,0,4,grouped_cv_repeat0_fold4
img_strip_rust_max_pct_max,1.9802661558491659,1.9802661558491659,feature_importance,positive,4,grouped_cv,0,4,grouped_cv_repeat0_fold4
surface_total_rust_pct_mean,1.896061415590021,1.896061415590021,feature_importance,positive,4,grouped_cv,0,4,grouped_cv_repeat0_fold4
surface_total_rust_pct_slope,1.8826384226774153,1.8826384226774153,feature_importance,positive,4,grouped_cv,0,4,grouped_cv_repeat0_fold4
weeks_after_onset_at_terminal,1.8588542387728788,1.8588542387728788,feature_importance,positive,4,grouped_cv,0,4,grouped_cv_repeat0_fold4
surface_total_rust_pct_max,1.8183119490256094,1.8183119490256094,feature_importance,positive,4,grouped_cv,0,4,grouped_cv_repeat0_fold4
peak_rust_pct_slope,1.4797706070101881,1.4797706070101881,feature_importance,positive,4,grouped_cv,0,4,grouped_cv_repeat0_fold4
img_rust_area_ratio_pct_slope,1.0654442361696286,1.0654442361696286,feature_importance,positive,4,grouped_cv,0,4,grouped_cv_repeat0_fold4
has_visible_corrosion_onset,0.1027504669319371,0.1027504669319371,feature_importance,positive,4,grouped_cv,0,4,grouped_cv_repeat0_fold4
img_strip_rust_max_pct_terminal,6.386150786041272,6.386150786041272,feature_importance,positive,7,grouped_cv,0,4,grouped_cv_repeat0_fold4
img_hsv_s_mean_slope,6.0039259683950785,6.0039259683950785,feature_importance,positive,7,grouped_cv,0,4,grouped_cv_repeat0_fold4
img_hsv_s_mean_terminal,5.693792693998023,5.693792693998023,feature_importance,positive,7,grouped_cv,0,4,grouped_cv_repeat0_fold4
img_strip_rust_max_pct_max,5.610818587292305,5.610818587292305,feature_importance,positive,7,grouped_cv,0,4,grouped_cv_repeat0_fold4
img_hsv_v_mean_slope,5.256309601295005,5.256309601295005,feature_importance,positive,7,grouped_cv,0,4,grouped_cv_repeat0_fold4
img_hsv_v_mean_mean,4.979289192951761,4.979289192951761,feature_importance,positive,7,grouped_cv,0,4,grouped_cv_repeat0_fold4
surface_total_rust_pct_max,4.7460926974932685,4.7460926974932685,feature_importance,positive,7,grouped_cv,0,4,grouped_cv_repeat0_fold4
img_rust_area_ratio_pct_max,4.236721355432585,4.236721355432585,feature_importance,positive,7,grouped_cv,0,4,grouped_cv_repeat0_fold4
img_strip_rust_max_pct_slope,4.072698078082532,4.072698078082532,feature_importance,positive,7,grouped_cv,0,4,grouped_cv_repeat0_fold4
img_hsv_v_mean_terminal,3.9658967194006225,3.9658967194006225,feature_importance,positive,7,grouped_cv,0,4,grouped_cv_repeat0_fold4
surface_total_rust_pct_slope,3.9596511413693376,3.9596511413693376,feature_importance,positive,7,grouped_cv,0,4,grouped_cv_repeat0_fold4
peak_rust_pct_terminal,3.912732979984319,3.912732979984319,feature_importance,positive,7,grouped_cv,0,4,grouped_cv_repeat0_fold4
n_rows_post_onset,3.828801570349549,3.828801570349549,feature_importance,positive,7,grouped_cv,0,4,grouped_cv_repeat0_fold4
img_hsv_v_mean_max,3.780234581384582,3.780234581384582,feature_importance,positive,7,grouped_cv,0,4,grouped_cv_repeat0_fold4
surface_total_rust_pct_terminal,3.748969267768919,3.748969267768919,feature_importance,positive,7,grouped_cv,0,4,grouped_cv_repeat0_fold4
visible_corrosion_onset_week,3.719536588868794,3.719536588868794,feature_importance,positive,7,grouped_cv,0,4,grouped_cv_repeat0_fold4
weeks_after_onset_at_terminal,3.3844197849573865,3.3844197849573865,feature_importance,positive,7,grouped_cv,0,4,grouped_cv_repeat0_fold4
img_rust_area_ratio_pct_terminal,3.2844491388221337,3.2844491388221337,feature_importance,positive,7,grouped_cv,0,4,grouped_cv_repeat0_fold4
img_strip_rust_max_pct_mean,3.259120578715135,3.259120578715135,feature_importance,positive,7,grouped_cv,0,4,grouped_cv_repeat0_fold4
img_rust_area_ratio_pct_mean,2.7088345165157164,2.7088345165157164,feature_importance,positive,7,grouped_cv,0,4,grouped_cv_repeat0_fold4
peak_rust_pct_slope,2.658283225030211,2.658283225030211,feature_importance,positive,7,grouped_cv,0,4,grouped_cv_repeat0_fold4
img_rust_area_ratio_pct_slope,2.4021170709863027,2.4021170709863027,feature_importance,positive,7,grouped_cv,0,4,grouped_cv_repeat0_fold4
peak_rust_pct_mean,2.0290364900543785,2.0290364900543785,feature_importance,positive,7,grouped_cv,0,4,grouped_cv_repeat0_fold4
peak_rust_pct_max,1.990957339263386,1.990957339263386,feature_importance,positive,7,grouped_cv,0,4,grouped_cv_repeat0_fold4
surface_total_rust_pct_mean,1.7827304549431997,1.7827304549431997,feature_importance,positive,7,grouped_cv,0,4,grouped_cv_repeat0_fold4
img_hsv_s_mean_mean,1.2993560032830904,1.2993560032830904,feature_importance,positive,7,grouped_cv,0,4,grouped_cv_repeat0_fold4
img_hsv_s_mean_max,1.2990735873211212,1.2990735873211212,feature_importance,positive,7,grouped_cv,0,4,grouped_cv_repeat0_fold4
has_visible_corrosion_onset,0.0,0.0,feature_importance,positive,7,grouped_cv,0,4,grouped_cv_repeat0_fold4
img_hsv_s_mean_slope,9.683865765636604,9.683865765636604,feature_importance,positive,4,grouped_cv,1,0,grouped_cv_repeat1_fold0
img_hsv_v_mean_terminal,8.374989407165241,8.374989407165241,feature_importance,positive,4,grouped_cv,1,0,grouped_cv_repeat1_fold0
img_hsv_v_mean_mean,7.935803316745509,7.935803316745509,feature_importance,positive,4,grouped_cv,1,0,grouped_cv_repeat1_fold0
img_strip_rust_max_pct_mean,6.954594110089879,6.954594110089879,feature_importance,positive,4,grouped_cv,1,0,grouped_cv_repeat1_fold0
n_rows_post_onset,5.586981518480766,5.586981518480766,feature_importance,positive,4,grouped_cv,1,0,grouped_cv_repeat1_fold0
peak_rust_pct_max,5.357875300015323,5.357875300015323,feature_importance,positive,4,grouped_cv,1,0,grouped_cv_repeat1_fold0
img_hsv_v_mean_slope,5.023579474326226,5.023579474326226,feature_importance,positive,4,grouped_cv,1,0,grouped_cv_repeat1_fold0
peak_rust_pct_slope,4.370122400349986,4.370122400349986,feature_importance,positive,4,grouped_cv,1,0,grouped_cv_repeat1_fold0
img_strip_rust_max_pct_max,4.1096702362779,4.1096702362779,feature_importance,positive,4,grouped_cv,1,0,grouped_cv_repeat1_fold0
visible_corrosion_onset_week,3.934367881920255,3.934367881920255,feature_importance,positive,4,grouped_cv,1,0,grouped_cv_repeat1_fold0
img_hsv_s_mean_terminal,3.46571635131666,3.46571635131666,feature_importance,positive,4,grouped_cv,1,0,grouped_cv_repeat1_fold0
img_hsv_v_mean_max,3.3916493464734363,3.3916493464734363,feature_importance,positive,4,grouped_cv,1,0,grouped_cv_repeat1_fold0
peak_rust_pct_mean,3.3380906261237535,3.3380906261237535,feature_importance,positive,4,grouped_cv,1,0,grouped_cv_repeat1_fold0
surface_total_rust_pct_slope,3.301198230161592,3.301198230161592,feature_importance,positive,4,grouped_cv,1,0,grouped_cv_repeat1_fold0
img_rust_area_ratio_pct_mean,2.827622785144897,2.827622785144897,feature_importance,positive,4,grouped_cv,1,0,grouped_cv_repeat1_fold0
img_strip_rust_max_pct_slope,2.6782640016550574,2.6782640016550574,feature_importance,positive,4,grouped_cv,1,0,grouped_cv_repeat1_fold0
img_strip_rust_max_pct_terminal,2.3894390705908597,2.3894390705908597,feature_importance,positive,4,grouped_cv,1,0,grouped_cv_repeat1_fold0
surface_total_rust_pct_max,2.3893660801054084,2.3893660801054084,feature_importance,positive,4,grouped_cv,1,0,grouped_cv_repeat1_fold0
img_hsv_s_mean_mean,2.1129650988327624,2.1129650988327624,feature_importance,positive,4,grouped_cv,1,0,grouped_cv_repeat1_fold0
surface_total_rust_pct_terminal,2.0079584561540664,2.0079584561540664,feature_importance,positive,4,grouped_cv,1,0,grouped_cv_repeat1_fold0
img_hsv_s_mean_max,1.871824707928694,1.871824707928694,feature_importance,positive,4,grouped_cv,1,0,grouped_cv_repeat1_fold0
surface_total_rust_pct_mean,1.8331157457728162,1.8331157457728162,feature_importance,positive,4,grouped_cv,1,0,grouped_cv_repeat1_fold0
img_rust_area_ratio_pct_max,1.5697649131605578,1.5697649131605578,feature_importance,positive,4,grouped_cv,1,0,grouped_cv_repeat1_fold0
img_rust_area_ratio_pct_terminal,1.5436777960383823,1.5436777960383823,feature_importance,positive,4,grouped_cv,1,0,grouped_cv_repeat1_fold0
weeks_after_onset_at_terminal,1.4280192081570875,1.4280192081570875,feature_importance,positive,4,grouped_cv,1,0,grouped_cv_repeat1_fold0
has_visible_corrosion_onset,1.0761782457759586,1.0761782457759586,feature_importance,positive,4,grouped_cv,1,0,grouped_cv_repeat1_fold0
peak_rust_pct_terminal,0.9625511638752727,0.9625511638752727,feature_importance,positive,4,grouped_cv,1,0,grouped_cv_repeat1_fold0
img_rust_area_ratio_pct_slope,0.48074876172504905,0.48074876172504905,feature_importance,positive,4,grouped_cv,1,0,grouped_cv_repeat1_fold0
img_strip_rust_max_pct_terminal,13.964374132863218,13.964374132863218,feature_importance,positive,7,grouped_cv,1,0,grouped_cv_repeat1_fold0
img_strip_rust_max_pct_max,6.3657283342867,6.3657283342867,feature_importance,positive,7,grouped_cv,1,0,grouped_cv_repeat1_fold0
n_rows_post_onset,5.384026621037706,5.384026621037706,feature_importance,positive,7,grouped_cv,1,0,grouped_cv_repeat1_fold0
img_hsv_s_mean_terminal,4.87038279757592,4.87038279757592,feature_importance,positive,7,grouped_cv,1,0,grouped_cv_repeat1_fold0
peak_rust_pct_max,4.800060946040588,4.800060946040588,feature_importance,positive,7,grouped_cv,1,0,grouped_cv_repeat1_fold0
peak_rust_pct_terminal,4.681074087375477,4.681074087375477,feature_importance,positive,7,grouped_cv,1,0,grouped_cv_repeat1_fold0
img_rust_area_ratio_pct_max,4.5448918870268065,4.5448918870268065,feature_importance,positive,7,grouped_cv,1,0,grouped_cv_repeat1_fold0
weeks_after_onset_at_terminal,4.5069766357876855,4.5069766357876855,feature_importance,positive,7,grouped_cv,1,0,grouped_cv_repeat1_fold0
visible_corrosion_onset_week,4.485080113945434,4.485080113945434,feature_importance,positive,7,grouped_cv,1,0,grouped_cv_repeat1_fold0
img_hsv_v_mean_mean,3.757049053802918,3.757049053802918,feature_importance,positive,7,grouped_cv,1,0,grouped_cv_repeat1_fold0
img_strip_rust_max_pct_slope,3.5429733196272895,3.5429733196272895,feature_importance,positive,7,grouped_cv,1,0,grouped_cv_repeat1_fold0
peak_rust_pct_slope,3.46397900110755,3.46397900110755,feature_importance,positive,7,grouped_cv,1,0,grouped_cv_repeat1_fold0
img_rust_area_ratio_pct_slope,3.3475843106105647,3.3475843106105647,feature_importance,positive,7,grouped_cv,1,0,grouped_cv_repeat1_fold0
img_hsv_v_mean_max,3.186383304979388,3.186383304979388,feature_importance,positive,7,grouped_cv,1,0,grouped_cv_repeat1_fold0
surface_total_rust_pct_terminal,3.1648686509503268,3.1648686509503268,feature_importance,positive,7,grouped_cv,1,0,grouped_cv_repeat1_fold0
surface_total_rust_pct_max,3.142776935838666,3.142776935838666,feature_importance,positive,7,grouped_cv,1,0,grouped_cv_repeat1_fold0
img_hsv_v_mean_slope,3.098495120705526,3.098495120705526,feature_importance,positive,7,grouped_cv,1,0,grouped_cv_repeat1_fold0
peak_rust_pct_mean,2.7372640830496806,2.7372640830496806,feature_importance,positive,7,grouped_cv,1,0,grouped_cv_repeat1_fold0
img_rust_area_ratio_pct_mean,2.724082722653363,2.724082722653363,feature_importance,positive,7,grouped_cv,1,0,grouped_cv_repeat1_fold0
img_hsv_s_mean_max,2.7167894187918478,2.7167894187918478,feature_importance,positive,7,grouped_cv,1,0,grouped_cv_repeat1_fold0
img_hsv_s_mean_slope,2.2982615748682726,2.2982615748682726,feature_importance,positive,7,grouped_cv,1,0,grouped_cv_repeat1_fold0
img_hsv_v_mean_terminal,1.9648387844237538,1.9648387844237538,feature_importance,positive,7,grouped_cv,1,0,grouped_cv_repeat1_fold0
img_hsv_s_mean_mean,1.8497843105883571,1.8497843105883571,feature_importance,positive,7,grouped_cv,1,0,grouped_cv_repeat1_fold0
img_strip_rust_max_pct_mean,1.701606805081316,1.701606805081316,feature_importance,positive,7,grouped_cv,1,0,grouped_cv_repeat1_fold0
surface_total_rust_pct_slope,1.6709605441330104,1.6709605441330104,feature_importance,positive,7,grouped_cv,1,0,grouped_cv_repeat1_fold0
img_rust_area_ratio_pct_terminal,1.1868013065851888,1.1868013065851888,feature_importance,positive,7,grouped_cv,1,0,grouped_cv_repeat1_fold0
surface_total_rust_pct_mean,0.8429051962634438,0.8429051962634438,feature_importance,positive,7,grouped_cv,1,0,grouped_cv_repeat1_fold0
has_visible_corrosion_onset,0.0,0.0,feature_importance,positive,7,grouped_cv,1,0,grouped_cv_repeat1_fold0
img_hsv_v_mean_mean,12.782020260512084,12.782020260512084,feature_importance,positive,4,grouped_cv,1,1,grouped_cv_repeat1_fold1
img_hsv_s_mean_slope,10.557763372075426,10.557763372075426,feature_importance,positive,4,grouped_cv,1,1,grouped_cv_repeat1_fold1
peak_rust_pct_terminal,6.870672099353663,6.870672099353663,feature_importance,positive,4,grouped_cv,1,1,grouped_cv_repeat1_fold1
img_rust_area_ratio_pct_terminal,6.543987477646937,6.543987477646937,feature_importance,positive,4,grouped_cv,1,1,grouped_cv_repeat1_fold1
img_rust_area_ratio_pct_mean,6.1197191498026955,6.1197191498026955,feature_importance,positive,4,grouped_cv,1,1,grouped_cv_repeat1_fold1
surface_total_rust_pct_mean,5.822222118422378,5.822222118422378,feature_importance,positive,4,grouped_cv,1,1,grouped_cv_repeat1_fold1
img_hsv_v_mean_slope,4.782255802249572,4.782255802249572,feature_importance,positive,4,grouped_cv,1,1,grouped_cv_repeat1_fold1
img_strip_rust_max_pct_terminal,4.635041041446959,4.635041041446959,feature_importance,positive,4,grouped_cv,1,1,grouped_cv_repeat1_fold1
img_hsv_v_mean_terminal,3.421784196907551,3.421784196907551,feature_importance,positive,4,grouped_cv,1,1,grouped_cv_repeat1_fold1
img_strip_rust_max_pct_mean,3.3729887944819184,3.3729887944819184,feature_importance,positive,4,grouped_cv,1,1,grouped_cv_repeat1_fold1
img_strip_rust_max_pct_slope,3.300866505995251,3.300866505995251,feature_importance,positive,4,grouped_cv,1,1,grouped_cv_repeat1_fold1
visible_corrosion_onset_week,2.9853652771118417,2.9853652771118417,feature_importance,positive,4,grouped_cv,1,1,grouped_cv_repeat1_fold1
img_rust_area_ratio_pct_slope,2.852864848311258,2.852864848311258,feature_importance,positive,4,grouped_cv,1,1,grouped_cv_repeat1_fold1
peak_rust_pct_slope,2.79516274260552,2.79516274260552,feature_importance,positive,4,grouped_cv,1,1,grouped_cv_repeat1_fold1
peak_rust_pct_mean,2.598692458417178,2.598692458417178,feature_importance,positive,4,grouped_cv,1,1,grouped_cv_repeat1_fold1
img_strip_rust_max_pct_max,2.3694665446460643,2.3694665446460643,feature_importance,positive,4,grouped_cv,1,1,grouped_cv_repeat1_fold1
img_hsv_s_mean_max,2.1498748158324394,2.1498748158324394,feature_importance,positive,4,grouped_cv,1,1,grouped_cv_repeat1_fold1
img_hsv_s_mean_mean,2.127580310765226,2.127580310765226,feature_importance,positive,4,grouped_cv,1,1,grouped_cv_repeat1_fold1
surface_total_rust_pct_terminal,2.019958484563634,2.019958484563634,feature_importance,positive,4,grouped_cv,1,1,grouped_cv_repeat1_fold1
peak_rust_pct_max,1.742746580260198,1.742746580260198,feature_importance,positive,4,grouped_cv,1,1,grouped_cv_repeat1_fold1
img_hsv_s_mean_terminal,1.7415865635916514,1.7415865635916514,feature_importance,positive,4,grouped_cv,1,1,grouped_cv_repeat1_fold1
n_rows_post_onset,1.5148148499538951,1.5148148499538951,feature_importance,positive,4,grouped_cv,1,1,grouped_cv_repeat1_fold1
surface_total_rust_pct_slope,1.4201356136291432,1.4201356136291432,feature_importance,positive,4,grouped_cv,1,1,grouped_cv_repeat1_fold1
img_hsv_v_mean_max,1.409133599386181,1.409133599386181,feature_importance,positive,4,grouped_cv,1,1,grouped_cv_repeat1_fold1
img_rust_area_ratio_pct_max,1.2744307689844716,1.2744307689844716,feature_importance,positive,4,grouped_cv,1,1,grouped_cv_repeat1_fold1
weeks_after_onset_at_terminal,1.2255760513201355,1.2255760513201355,feature_importance,positive,4,grouped_cv,1,1,grouped_cv_repeat1_fold1
surface_total_rust_pct_max,1.2240043757909018,1.2240043757909018,feature_importance,positive,4,grouped_cv,1,1,grouped_cv_repeat1_fold1
has_visible_corrosion_onset,0.33928529593581064,0.33928529593581064,feature_importance,positive,4,grouped_cv,1,1,grouped_cv_repeat1_fold1
img_hsv_v_mean_slope,8.817989218242884,8.817989218242884,feature_importance,positive,7,grouped_cv,1,1,grouped_cv_repeat1_fold1
img_hsv_v_mean_mean,7.83253243616748,7.83253243616748,feature_importance,positive,7,grouped_cv,1,1,grouped_cv_repeat1_fold1
peak_rust_pct_max,7.711407961118234,7.711407961118234,feature_importance,positive,7,grouped_cv,1,1,grouped_cv_repeat1_fold1
peak_rust_pct_terminal,6.983193550481655,6.983193550481655,feature_importance,positive,7,grouped_cv,1,1,grouped_cv_repeat1_fold1
n_rows_post_onset,5.757972762923968,5.757972762923968,feature_importance,positive,7,grouped_cv,1,1,grouped_cv_repeat1_fold1
weeks_after_onset_at_terminal,5.633794312389259,5.633794312389259,feature_importance,positive,7,grouped_cv,1,1,grouped_cv_repeat1_fold1
img_strip_rust_max_pct_mean,5.004496963143855,5.004496963143855,feature_importance,positive,7,grouped_cv,1,1,grouped_cv_repeat1_fold1
img_rust_area_ratio_pct_max,4.478563197349385,4.478563197349385,feature_importance,positive,7,grouped_cv,1,1,grouped_cv_repeat1_fold1
img_strip_rust_max_pct_terminal,3.978776971700343,3.978776971700343,feature_importance,positive,7,grouped_cv,1,1,grouped_cv_repeat1_fold1
visible_corrosion_onset_week,3.504159445140221,3.504159445140221,feature_importance,positive,7,grouped_cv,1,1,grouped_cv_repeat1_fold1
surface_total_rust_pct_terminal,3.4742654502376555,3.4742654502376555,feature_importance,positive,7,grouped_cv,1,1,grouped_cv_repeat1_fold1
img_strip_rust_max_pct_slope,3.3609079449281642,3.3609079449281642,feature_importance,positive,7,grouped_cv,1,1,grouped_cv_repeat1_fold1
peak_rust_pct_mean,3.0452148426935177,3.0452148426935177,feature_importance,positive,7,grouped_cv,1,1,grouped_cv_repeat1_fold1
img_hsv_v_mean_max,2.9552603651034013,2.9552603651034013,feature_importance,positive,7,grouped_cv,1,1,grouped_cv_repeat1_fold1
peak_rust_pct_slope,2.905608028220791,2.905608028220791,feature_importance,positive,7,grouped_cv,1,1,grouped_cv_repeat1_fold1
img_rust_area_ratio_pct_mean,2.9035274228346672,2.9035274228346672,feature_importance,positive,7,grouped_cv,1,1,grouped_cv_repeat1_fold1
img_hsv_s_mean_max,2.773989470898946,2.773989470898946,feature_importance,positive,7,grouped_cv,1,1,grouped_cv_repeat1_fold1
surface_total_rust_pct_max,2.7682813413300815,2.7682813413300815,feature_importance,positive,7,grouped_cv,1,1,grouped_cv_repeat1_fold1
img_strip_rust_max_pct_max,2.6248769214484975,2.6248769214484975,feature_importance,positive,7,grouped_cv,1,1,grouped_cv_repeat1_fold1
img_rust_area_ratio_pct_slope,2.201143496558317,2.201143496558317,feature_importance,positive,7,grouped_cv,1,1,grouped_cv_repeat1_fold1
img_hsv_s_mean_terminal,2.189149148705464,2.189149148705464,feature_importance,positive,7,grouped_cv,1,1,grouped_cv_repeat1_fold1
img_hsv_s_mean_slope,2.060399141870941,2.060399141870941,feature_importance,positive,7,grouped_cv,1,1,grouped_cv_repeat1_fold1
img_hsv_s_mean_mean,1.9922526483752352,1.9922526483752352,feature_importance,positive,7,grouped_cv,1,1,grouped_cv_repeat1_fold1
img_rust_area_ratio_pct_terminal,1.7272088329438045,1.7272088329438045,feature_importance,positive,7,grouped_cv,1,1,grouped_cv_repeat1_fold1
img_hsv_v_mean_terminal,1.6638732149913698,1.6638732149913698,feature_importance,positive,7,grouped_cv,1,1,grouped_cv_repeat1_fold1
surface_total_rust_pct_slope,1.028600129808271,1.028600129808271,feature_importance,positive,7,grouped_cv,1,1,grouped_cv_repeat1_fold1
surface_total_rust_pct_mean,0.6225547803935542,0.6225547803935542,feature_importance,positive,7,grouped_cv,1,1,grouped_cv_repeat1_fold1
has_visible_corrosion_onset,0.0,0.0,feature_importance,positive,7,grouped_cv,1,1,grouped_cv_repeat1_fold1
img_hsv_v_mean_max,9.820853445103072,9.820853445103072,feature_importance,positive,4,grouped_cv,1,2,grouped_cv_repeat1_fold2
img_hsv_v_mean_mean,9.32371782980011,9.32371782980011,feature_importance,positive,4,grouped_cv,1,2,grouped_cv_repeat1_fold2
img_hsv_v_mean_slope,6.647353151715626,6.647353151715626,feature_importance,positive,4,grouped_cv,1,2,grouped_cv_repeat1_fold2
img_hsv_v_mean_terminal,6.466677962442144,6.466677962442144,feature_importance,positive,4,grouped_cv,1,2,grouped_cv_repeat1_fold2
peak_rust_pct_terminal,5.751527678968516,5.751527678968516,feature_importance,positive,4,grouped_cv,1,2,grouped_cv_repeat1_fold2
img_hsv_s_mean_slope,5.627150409002511,5.627150409002511,feature_importance,positive,4,grouped_cv,1,2,grouped_cv_repeat1_fold2
img_rust_area_ratio_pct_mean,5.160733845769835,5.160733845769835,feature_importance,positive,4,grouped_cv,1,2,grouped_cv_repeat1_fold2
img_strip_rust_max_pct_terminal,4.021241412353699,4.021241412353699,feature_importance,positive,4,grouped_cv,1,2,grouped_cv_repeat1_fold2
peak_rust_pct_mean,3.8494424941404666,3.8494424941404666,feature_importance,positive,4,grouped_cv,1,2,grouped_cv_repeat1_fold2
img_rust_area_ratio_pct_terminal,3.7426395166593585,3.7426395166593585,feature_importance,positive,4,grouped_cv,1,2,grouped_cv_repeat1_fold2
img_hsv_s_mean_mean,3.5165983337101547,3.5165983337101547,feature_importance,positive,4,grouped_cv,1,2,grouped_cv_repeat1_fold2
peak_rust_pct_max,3.3743884844966785,3.3743884844966785,feature_importance,positive,4,grouped_cv,1,2,grouped_cv_repeat1_fold2
surface_total_rust_pct_mean,3.3701650725626937,3.3701650725626937,feature_importance,positive,4,grouped_cv,1,2,grouped_cv_repeat1_fold2
img_strip_rust_max_pct_mean,2.858787974342095,2.858787974342095,feature_importance,positive,4,grouped_cv,1,2,grouped_cv_repeat1_fold2
img_hsv_s_mean_max,2.828107937780364,2.828107937780364,feature_importance,positive,4,grouped_cv,1,2,grouped_cv_repeat1_fold2
peak_rust_pct_slope,2.6102005722230577,2.6102005722230577,feature_importance,positive,4,grouped_cv,1,2,grouped_cv_repeat1_fold2
img_hsv_s_mean_terminal,2.5400540542436625,2.5400540542436625,feature_importance,positive,4,grouped_cv,1,2,grouped_cv_repeat1_fold2
visible_corrosion_onset_week,2.493808802816688,2.493808802816688,feature_importance,positive,4,grouped_cv,1,2,grouped_cv_repeat1_fold2
weeks_after_onset_at_terminal,2.3200988247867613,2.3200988247867613,feature_importance,positive,4,grouped_cv,1,2,grouped_cv_repeat1_fold2
surface_total_rust_pct_max,2.3004638854278756,2.3004638854278756,feature_importance,positive,4,grouped_cv,1,2,grouped_cv_repeat1_fold2
img_strip_rust_max_pct_max,2.1529754957370155,2.1529754957370155,feature_importance,positive,4,grouped_cv,1,2,grouped_cv_repeat1_fold2
surface_total_rust_pct_terminal,2.118622354925159,2.118622354925159,feature_importance,positive,4,grouped_cv,1,2,grouped_cv_repeat1_fold2
surface_total_rust_pct_slope,2.0470340275730394,2.0470340275730394,feature_importance,positive,4,grouped_cv,1,2,grouped_cv_repeat1_fold2
img_rust_area_ratio_pct_max,1.4675410522184702,1.4675410522184702,feature_importance,positive,4,grouped_cv,1,2,grouped_cv_repeat1_fold2
img_strip_rust_max_pct_slope,1.169409975309763,1.169409975309763,feature_importance,positive,4,grouped_cv,1,2,grouped_cv_repeat1_fold2
has_visible_corrosion_onset,1.1382219573754329,1.1382219573754329,feature_importance,positive,4,grouped_cv,1,2,grouped_cv_repeat1_fold2
img_rust_area_ratio_pct_slope,0.6716448418315772,0.6716448418315772,feature_importance,positive,4,grouped_cv,1,2,grouped_cv_repeat1_fold2
n_rows_post_onset,0.6105386066841866,0.6105386066841866,feature_importance,positive,4,grouped_cv,1,2,grouped_cv_repeat1_fold2
img_hsv_s_mean_mean,9.700894172328594,9.700894172328594,feature_importance,positive,7,grouped_cv,1,2,grouped_cv_repeat1_fold2
img_hsv_s_mean_slope,7.7152473118575156,7.7152473118575156,feature_importance,positive,7,grouped_cv,1,2,grouped_cv_repeat1_fold2
img_hsv_v_mean_max,7.306352816862993,7.306352816862993,feature_importance,positive,7,grouped_cv,1,2,grouped_cv_repeat1_fold2
img_strip_rust_max_pct_terminal,7.222792169253221,7.222792169253221,feature_importance,positive,7,grouped_cv,1,2,grouped_cv_repeat1_fold2
surface_total_rust_pct_slope,5.422092701777675,5.422092701777675,feature_importance,positive,7,grouped_cv,1,2,grouped_cv_repeat1_fold2
img_hsv_v_mean_mean,5.02486357238089,5.02486357238089,feature_importance,positive,7,grouped_cv,1,2,grouped_cv_repeat1_fold2
peak_rust_pct_max,5.023373854716407,5.023373854716407,feature_importance,positive,7,grouped_cv,1,2,grouped_cv_repeat1_fold2
img_rust_area_ratio_pct_slope,4.748922854158435,4.748922854158435,feature_importance,positive,7,grouped_cv,1,2,grouped_cv_repeat1_fold2
img_strip_rust_max_pct_max,4.1510248968465335,4.1510248968465335,feature_importance,positive,7,grouped_cv,1,2,grouped_cv_repeat1_fold2
peak_rust_pct_terminal,3.7097005322413055,3.7097005322413055,feature_importance,positive,7,grouped_cv,1,2,grouped_cv_repeat1_fold2
n_rows_post_onset,2.9818146158223895,2.9818146158223895,feature_importance,positive,7,grouped_cv,1,2,grouped_cv_repeat1_fold2
peak_rust_pct_slope,2.963378607367222,2.963378607367222,feature_importance,positive,7,grouped_cv,1,2,grouped_cv_repeat1_fold2
img_rust_area_ratio_pct_terminal,2.9063167612866274,2.9063167612866274,feature_importance,positive,7,grouped_cv,1,2,grouped_cv_repeat1_fold2
weeks_after_onset_at_terminal,2.8316902145450724,2.8316902145450724,feature_importance,positive,7,grouped_cv,1,2,grouped_cv_repeat1_fold2
surface_total_rust_pct_terminal,2.6473099098929036,2.6473099098929036,feature_importance,positive,7,grouped_cv,1,2,grouped_cv_repeat1_fold2
img_hsv_v_mean_terminal,2.5650899781424945,2.5650899781424945,feature_importance,positive,7,grouped_cv,1,2,grouped_cv_repeat1_fold2
img_rust_area_ratio_pct_max,2.3978581751767147,2.3978581751767147,feature_importance,positive,7,grouped_cv,1,2,grouped_cv_repeat1_fold2
img_rust_area_ratio_pct_mean,2.3633046332577026,2.3633046332577026,feature_importance,positive,7,grouped_cv,1,2,grouped_cv_repeat1_fold2
peak_rust_pct_mean,2.287940218453023,2.287940218453023,feature_importance,positive,7,grouped_cv,1,2,grouped_cv_repeat1_fold2
img_hsv_v_mean_slope,2.2411254889919583,2.2411254889919583,feature_importance,positive,7,grouped_cv,1,2,grouped_cv_repeat1_fold2
img_strip_rust_max_pct_slope,2.1584664156229127,2.1584664156229127,feature_importance,positive,7,grouped_cv,1,2,grouped_cv_repeat1_fold2
visible_corrosion_onset_week,2.13158375858036,2.13158375858036,feature_importance,positive,7,grouped_cv,1,2,grouped_cv_repeat1_fold2
img_hsv_s_mean_max,2.110001071177915,2.110001071177915,feature_importance,positive,7,grouped_cv,1,2,grouped_cv_repeat1_fold2
surface_total_rust_pct_max,2.097048141394515,2.097048141394515,feature_importance,positive,7,grouped_cv,1,2,grouped_cv_repeat1_fold2
img_strip_rust_max_pct_mean,2.0526542304153983,2.0526542304153983,feature_importance,positive,7,grouped_cv,1,2,grouped_cv_repeat1_fold2
surface_total_rust_pct_mean,1.6591733278450198,1.6591733278450198,feature_importance,positive,7,grouped_cv,1,2,grouped_cv_repeat1_fold2
img_hsv_s_mean_terminal,1.579979569604215,1.579979569604215,feature_importance,positive,7,grouped_cv,1,2,grouped_cv_repeat1_fold2
has_visible_corrosion_onset,0.0,0.0,feature_importance,positive,7,grouped_cv,1,2,grouped_cv_repeat1_fold2
img_hsv_v_mean_slope,10.330426542215795,10.330426542215795,feature_importance,positive,4,grouped_cv,1,3,grouped_cv_repeat1_fold3
img_rust_area_ratio_pct_mean,10.052572322696964,10.052572322696964,feature_importance,positive,4,grouped_cv,1,3,grouped_cv_repeat1_fold3
surface_total_rust_pct_mean,7.974660798879057,7.974660798879057,feature_importance,positive,4,grouped_cv,1,3,grouped_cv_repeat1_fold3
img_hsv_v_mean_mean,7.968278694802545,7.968278694802545,feature_importance,positive,4,grouped_cv,1,3,grouped_cv_repeat1_fold3
img_hsv_v_mean_terminal,5.90851068712385,5.90851068712385,feature_importance,positive,4,grouped_cv,1,3,grouped_cv_repeat1_fold3
img_rust_area_ratio_pct_terminal,5.787695231963039,5.787695231963039,feature_importance,positive,4,grouped_cv,1,3,grouped_cv_repeat1_fold3
surface_total_rust_pct_terminal,5.378993024378326,5.378993024378326,feature_importance,positive,4,grouped_cv,1,3,grouped_cv_repeat1_fold3
img_hsv_s_mean_slope,5.165370145012495,5.165370145012495,feature_importance,positive,4,grouped_cv,1,3,grouped_cv_repeat1_fold3
img_hsv_s_mean_max,3.729442576382208,3.729442576382208,feature_importance,positive,4,grouped_cv,1,3,grouped_cv_repeat1_fold3
img_strip_rust_max_pct_mean,3.70737811215995,3.70737811215995,feature_importance,positive,4,grouped_cv,1,3,grouped_cv_repeat1_fold3
img_rust_area_ratio_pct_max,3.571833574982517,3.571833574982517,feature_importance,positive,4,grouped_cv,1,3,grouped_cv_repeat1_fold3
img_hsv_v_mean_max,3.2052469156118457,3.2052469156118457,feature_importance,positive,4,grouped_cv,1,3,grouped_cv_repeat1_fold3
img_strip_rust_max_pct_max,2.882319462912877,2.882319462912877,feature_importance,positive,4,grouped_cv,1,3,grouped_cv_repeat1_fold3
peak_rust_pct_max,2.6174161113758645,2.6174161113758645,feature_importance,positive,4,grouped_cv,1,3,grouped_cv_repeat1_fold3
img_hsv_s_mean_mean,2.40824434071744,2.40824434071744,feature_importance,positive,4,grouped_cv,1,3,grouped_cv_repeat1_fold3
peak_rust_pct_terminal,2.3224338202984827,2.3224338202984827,feature_importance,positive,4,grouped_cv,1,3,grouped_cv_repeat1_fold3
n_rows_post_onset,2.225590071959431,2.225590071959431,feature_importance,positive,4,grouped_cv,1,3,grouped_cv_repeat1_fold3
img_strip_rust_max_pct_slope,2.0483785427777597,2.0483785427777597,feature_importance,positive,4,grouped_cv,1,3,grouped_cv_repeat1_fold3
peak_rust_pct_slope,1.941518345943411,1.941518345943411,feature_importance,positive,4,grouped_cv,1,3,grouped_cv_repeat1_fold3
peak_rust_pct_mean,1.8990307369077557,1.8990307369077557,feature_importance,positive,4,grouped_cv,1,3,grouped_cv_repeat1_fold3
img_hsv_s_mean_terminal,1.894228343626988,1.894228343626988,feature_importance,positive,4,grouped_cv,1,3,grouped_cv_repeat1_fold3
surface_total_rust_pct_max,1.8597172836330422,1.8597172836330422,feature_importance,positive,4,grouped_cv,1,3,grouped_cv_repeat1_fold3
surface_total_rust_pct_slope,1.4423703921714932,1.4423703921714932,feature_importance,positive,4,grouped_cv,1,3,grouped_cv_repeat1_fold3
img_strip_rust_max_pct_terminal,1.333693136648442,1.333693136648442,feature_importance,positive,4,grouped_cv,1,3,grouped_cv_repeat1_fold3
img_rust_area_ratio_pct_slope,0.969724782407431,0.969724782407431,feature_importance,positive,4,grouped_cv,1,3,grouped_cv_repeat1_fold3
visible_corrosion_onset_week,0.7321768217787926,0.7321768217787926,feature_importance,positive,4,grouped_cv,1,3,grouped_cv_repeat1_fold3
weeks_after_onset_at_terminal,0.34706221688484296,0.34706221688484296,feature_importance,positive,4,grouped_cv,1,3,grouped_cv_repeat1_fold3
has_visible_corrosion_onset,0.2956869637473423,0.2956869637473423,feature_importance,positive,4,grouped_cv,1,3,grouped_cv_repeat1_fold3
img_hsv_v_mean_slope,10.556923542838417,10.556923542838417,feature_importance,positive,7,grouped_cv,1,3,grouped_cv_repeat1_fold3
img_hsv_s_mean_mean,7.8182526844086055,7.8182526844086055,feature_importance,positive,7,grouped_cv,1,3,grouped_cv_repeat1_fold3
img_strip_rust_max_pct_terminal,6.170176435256605,6.170176435256605,feature_importance,positive,7,grouped_cv,1,3,grouped_cv_repeat1_fold3
img_hsv_v_mean_max,5.8578564830916635,5.8578564830916635,feature_importance,positive,7,grouped_cv,1,3,grouped_cv_repeat1_fold3
img_hsv_v_mean_mean,5.794295883469451,5.794295883469451,feature_importance,positive,7,grouped_cv,1,3,grouped_cv_repeat1_fold3
img_strip_rust_max_pct_slope,5.752098027833794,5.752098027833794,feature_importance,positive,7,grouped_cv,1,3,grouped_cv_repeat1_fold3
peak_rust_pct_terminal,5.5463638864711795,5.5463638864711795,feature_importance,positive,7,grouped_cv,1,3,grouped_cv_repeat1_fold3
peak_rust_pct_max,5.277620451909687,5.277620451909687,feature_importance,positive,7,grouped_cv,1,3,grouped_cv_repeat1_fold3
n_rows_post_onset,4.6493770610733165,4.6493770610733165,feature_importance,positive,7,grouped_cv,1,3,grouped_cv_repeat1_fold3
img_strip_rust_max_pct_mean,4.020312374322341,4.020312374322341,feature_importance,positive,7,grouped_cv,1,3,grouped_cv_repeat1_fold3
img_strip_rust_max_pct_max,3.8839718469548017,3.8839718469548017,feature_importance,positive,7,grouped_cv,1,3,grouped_cv_repeat1_fold3
surface_total_rust_pct_terminal,3.6836718918954663,3.6836718918954663,feature_importance,positive,7,grouped_cv,1,3,grouped_cv_repeat1_fold3
weeks_after_onset_at_terminal,3.5801094060965815,3.5801094060965815,feature_importance,positive,7,grouped_cv,1,3,grouped_cv_repeat1_fold3
img_hsv_s_mean_terminal,3.5022641909332357,3.5022641909332357,feature_importance,positive,7,grouped_cv,1,3,grouped_cv_repeat1_fold3
surface_total_rust_pct_max,3.0966457714889737,3.0966457714889737,feature_importance,positive,7,grouped_cv,1,3,grouped_cv_repeat1_fold3
img_hsv_v_mean_terminal,3.095568289938627,3.095568289938627,feature_importance,positive,7,grouped_cv,1,3,grouped_cv_repeat1_fold3
img_rust_area_ratio_pct_mean,2.5910841182922386,2.5910841182922386,feature_importance,positive,7,grouped_cv,1,3,grouped_cv_repeat1_fold3
visible_corrosion_onset_week,2.580180889921099,2.580180889921099,feature_importance,positive,7,grouped_cv,1,3,grouped_cv_repeat1_fold3
img_hsv_s_mean_max,1.9097730288762993,1.9097730288762993,feature_importance,positive,7,grouped_cv,1,3,grouped_cv_repeat1_fold3
surface_total_rust_pct_slope,1.8165548918946899,1.8165548918946899,feature_importance,positive,7,grouped_cv,1,3,grouped_cv_repeat1_fold3
img_rust_area_ratio_pct_slope,1.7475176376540769,1.7475176376540769,feature_importance,positive,7,grouped_cv,1,3,grouped_cv_repeat1_fold3
peak_rust_pct_slope,1.7100716130930929,1.7100716130930929,feature_importance,positive,7,grouped_cv,1,3,grouped_cv_repeat1_fold3
img_hsv_s_mean_slope,1.4223125130011516,1.4223125130011516,feature_importance,positive,7,grouped_cv,1,3,grouped_cv_repeat1_fold3
img_rust_area_ratio_pct_max,1.3045051297118968,1.3045051297118968,feature_importance,positive,7,grouped_cv,1,3,grouped_cv_repeat1_fold3
img_rust_area_ratio_pct_terminal,1.0745398523877565,1.0745398523877565,feature_importance,positive,7,grouped_cv,1,3,grouped_cv_repeat1_fold3
peak_rust_pct_mean,0.8505075978888132,0.8505075978888132,feature_importance,positive,7,grouped_cv,1,3,grouped_cv_repeat1_fold3
surface_total_rust_pct_mean,0.7074444992961411,0.7074444992961411,feature_importance,positive,7,grouped_cv,1,3,grouped_cv_repeat1_fold3
has_visible_corrosion_onset,0.0,0.0,feature_importance,positive,7,grouped_cv,1,3,grouped_cv_repeat1_fold3
img_hsv_v_mean_terminal,10.65033123501623,10.65033123501623,feature_importance,positive,4,grouped_cv,1,4,grouped_cv_repeat1_fold4
img_hsv_v_mean_mean,8.452432809691445,8.452432809691445,feature_importance,positive,4,grouped_cv,1,4,grouped_cv_repeat1_fold4
img_hsv_s_mean_slope,6.92353749663396,6.92353749663396,feature_importance,positive,4,grouped_cv,1,4,grouped_cv_repeat1_fold4
img_rust_area_ratio_pct_terminal,6.806854799071127,6.806854799071127,feature_importance,positive,4,grouped_cv,1,4,grouped_cv_repeat1_fold4
peak_rust_pct_terminal,6.525659019057955,6.525659019057955,feature_importance,positive,4,grouped_cv,1,4,grouped_cv_repeat1_fold4
img_strip_rust_max_pct_terminal,6.303750743824106,6.303750743824106,feature_importance,positive,4,grouped_cv,1,4,grouped_cv_repeat1_fold4
peak_rust_pct_max,4.613097306165015,4.613097306165015,feature_importance,positive,4,grouped_cv,1,4,grouped_cv_repeat1_fold4
surface_total_rust_pct_max,3.9043963695690898,3.9043963695690898,feature_importance,positive,4,grouped_cv,1,4,grouped_cv_repeat1_fold4
img_hsv_v_mean_max,3.8904535580121538,3.8904535580121538,feature_importance,positive,4,grouped_cv,1,4,grouped_cv_repeat1_fold4
surface_total_rust_pct_terminal,3.5985907714313305,3.5985907714313305,feature_importance,positive,4,grouped_cv,1,4,grouped_cv_repeat1_fold4
surface_total_rust_pct_mean,3.438771622625576,3.438771622625576,feature_importance,positive,4,grouped_cv,1,4,grouped_cv_repeat1_fold4
img_strip_rust_max_pct_max,3.3789313749839693,3.3789313749839693,feature_importance,positive,4,grouped_cv,1,4,grouped_cv_repeat1_fold4
img_strip_rust_max_pct_mean,3.1033405468057604,3.1033405468057604,feature_importance,positive,4,grouped_cv,1,4,grouped_cv_repeat1_fold4
img_hsv_v_mean_slope,3.03178194819041,3.03178194819041,feature_importance,positive,4,grouped_cv,1,4,grouped_cv_repeat1_fold4
img_rust_area_ratio_pct_mean,2.8225145741763495,2.8225145741763495,feature_importance,positive,4,grouped_cv,1,4,grouped_cv_repeat1_fold4
img_hsv_s_mean_terminal,2.717982761677693,2.717982761677693,feature_importance,positive,4,grouped_cv,1,4,grouped_cv_repeat1_fold4
peak_rust_pct_mean,2.554389368439998,2.554389368439998,feature_importance,positive,4,grouped_cv,1,4,grouped_cv_repeat1_fold4
surface_total_rust_pct_slope,2.5286506249445044,2.5286506249445044,feature_importance,positive,4,grouped_cv,1,4,grouped_cv_repeat1_fold4
img_rust_area_ratio_pct_max,2.3184823128814807,2.3184823128814807,feature_importance,positive,4,grouped_cv,1,4,grouped_cv_repeat1_fold4
n_rows_post_onset,1.940159767212826,1.940159767212826,feature_importance,positive,4,grouped_cv,1,4,grouped_cv_repeat1_fold4
img_hsv_s_mean_mean,1.9148201626876746,1.9148201626876746,feature_importance,positive,4,grouped_cv,1,4,grouped_cv_repeat1_fold4
peak_rust_pct_slope,1.844179192477397,1.844179192477397,feature_importance,positive,4,grouped_cv,1,4,grouped_cv_repeat1_fold4
img_hsv_s_mean_max,1.8319197138812802,1.8319197138812802,feature_importance,positive,4,grouped_cv,1,4,grouped_cv_repeat1_fold4
img_rust_area_ratio_pct_slope,1.6883927224953712,1.6883927224953712,feature_importance,positive,4,grouped_cv,1,4,grouped_cv_repeat1_fold4
img_strip_rust_max_pct_slope,1.2621378524742506,1.2621378524742506,feature_importance,positive,4,grouped_cv,1,4,grouped_cv_repeat1_fold4
visible_corrosion_onset_week,0.9856956650564069,0.9856956650564069,feature_importance,positive,4,grouped_cv,1,4,grouped_cv_repeat1_fold4
weeks_after_onset_at_terminal,0.6787051119161147,0.6787051119161147,feature_importance,positive,4,grouped_cv,1,4,grouped_cv_repeat1_fold4
has_visible_corrosion_onset,0.2900405686005336,0.2900405686005336,feature_importance,positive,4,grouped_cv,1,4,grouped_cv_repeat1_fold4
img_strip_rust_max_pct_terminal,11.416776799040887,11.416776799040887,feature_importance,positive,7,grouped_cv,1,4,grouped_cv_repeat1_fold4
img_hsv_v_mean_slope,11.191536065123685,11.191536065123685,feature_importance,positive,7,grouped_cv,1,4,grouped_cv_repeat1_fold4
img_strip_rust_max_pct_slope,9.202490816844726,9.202490816844726,feature_importance,positive,7,grouped_cv,1,4,grouped_cv_repeat1_fold4
img_hsv_v_mean_mean,8.86645824401969,8.86645824401969,feature_importance,positive,7,grouped_cv,1,4,grouped_cv_repeat1_fold4
img_strip_rust_max_pct_max,7.860806643795856,7.860806643795856,feature_importance,positive,7,grouped_cv,1,4,grouped_cv_repeat1_fold4
img_hsv_v_mean_max,4.706556585395214,4.706556585395214,feature_importance,positive,7,grouped_cv,1,4,grouped_cv_repeat1_fold4
img_rust_area_ratio_pct_slope,4.372952585999954,4.372952585999954,feature_importance,positive,7,grouped_cv,1,4,grouped_cv_repeat1_fold4
peak_rust_pct_slope,4.277550822399214,4.277550822399214,feature_importance,positive,7,grouped_cv,1,4,grouped_cv_repeat1_fold4
img_hsv_s_mean_slope,3.6367356396758703,3.6367356396758703,feature_importance,positive,7,grouped_cv,1,4,grouped_cv_repeat1_fold4
peak_rust_pct_max,3.413234178181614,3.413234178181614,feature_importance,positive,7,grouped_cv,1,4,grouped_cv_repeat1_fold4
surface_total_rust_pct_slope,3.176780226616858,3.176780226616858,feature_importance,positive,7,grouped_cv,1,4,grouped_cv_repeat1_fold4
n_rows_post_onset,2.7829013116610986,2.7829013116610986,feature_importance,positive,7,grouped_cv,1,4,grouped_cv_repeat1_fold4
weeks_after_onset_at_terminal,2.5911843034137605,2.5911843034137605,feature_importance,positive,7,grouped_cv,1,4,grouped_cv_repeat1_fold4
img_hsv_s_mean_terminal,2.2983513472254478,2.2983513472254478,feature_importance,positive,7,grouped_cv,1,4,grouped_cv_repeat1_fold4
peak_rust_pct_terminal,2.1685037981465998,2.1685037981465998,feature_importance,positive,7,grouped_cv,1,4,grouped_cv_repeat1_fold4
visible_corrosion_onset_week,2.1569871495739843,2.1569871495739843,feature_importance,positive,7,grouped_cv,1,4,grouped_cv_repeat1_fold4
img_rust_area_ratio_pct_terminal,2.1192206906807467,2.1192206906807467,feature_importance,positive,7,grouped_cv,1,4,grouped_cv_repeat1_fold4
img_strip_rust_max_pct_mean,2.0706505993818864,2.0706505993818864,feature_importance,positive,7,grouped_cv,1,4,grouped_cv_repeat1_fold4
surface_total_rust_pct_mean,1.9003307717672362,1.9003307717672362,feature_importance,positive,7,grouped_cv,1,4,grouped_cv_repeat1_fold4
img_hsv_s_mean_mean,1.896913342058902,1.896913342058902,feature_importance,positive,7,grouped_cv,1,4,grouped_cv_repeat1_fold4
img_rust_area_ratio_pct_max,1.4975266797948121,1.4975266797948121,feature_importance,positive,7,grouped_cv,1,4,grouped_cv_repeat1_fold4
img_rust_area_ratio_pct_mean,1.3500773730547728,1.3500773730547728,feature_importance,positive,7,grouped_cv,1,4,grouped_cv_repeat1_fold4
img_hsv_s_mean_max,1.161540751284196,1.161540751284196,feature_importance,positive,7,grouped_cv,1,4,grouped_cv_repeat1_fold4
img_hsv_v_mean_terminal,1.1132153748816989,1.1132153748816989,feature_importance,positive,7,grouped_cv,1,4,grouped_cv_repeat1_fold4
peak_rust_pct_mean,0.9943007796517761,0.9943007796517761,feature_importance,positive,7,grouped_cv,1,4,grouped_cv_repeat1_fold4
surface_total_rust_pct_max,0.9787928092455234,0.9787928092455234,feature_importance,positive,7,grouped_cv,1,4,grouped_cv_repeat1_fold4
surface_total_rust_pct_terminal,0.7976243110839892,0.7976243110839892,feature_importance,positive,7,grouped_cv,1,4,grouped_cv_repeat1_fold4
has_visible_corrosion_onset,0.0,0.0,feature_importance,positive,7,grouped_cv,1,4,grouped_cv_repeat1_fold4
