path,sha256,mtime_utc,predates_earliest_corrupted_source
main_4/outputs/data/master_table.csv,0577dbb4cdc2a2f917eed418a420259da37e37d13dbf8c478b6c1d697e5e1d8e,2026-03-16T14:03:11.108488+00:00,True
main_4/outputs/audit/verified_facts.json,39c9cc6eb09766e934c2034dc3dd78a87fc146ce2c1a289580d231f71a9dcf4f,2026-03-16T14:03:11.136606+00:00,True
main_4/outputs/features/image_features.csv,8358ac1133eff40c4ad5be70ed6f2cc0f00b184e0bc6ad8d7528845bd2721111,2026-03-16T14:08:01.728370+00:00,True
main/reports/current_corrosion_metrics.csv,ba7014b8ce968663ed6cd885c159051cffa95e77ff7ecd842b423523caa6ab90,2026-03-06T22:38:34.740000+00:00,True
main_2/reports/model_comparison.csv,58ddb6bed5e6189d6b4b28da4e8bee2ab53b5f801c7748d1643ca7aa53a1cc45,2026-03-07T16:46:06.450000+00:00,True
main_2/reports/predictions_best_model.csv,3964d8b586be061744c56319fe216151b6141de038d50b87b3fb4c483ecff0ae,2026-03-07T16:46:06.510000+00:00,True
main_3/outputs/corrosion_regression_metrics.csv,9c59f84dab8507bb18f1ca1f6746f251ecc30b6089635a1b5c4cc7619af6cd80,2026-03-11T11:30:21.567162+00:00,True
main_3/outputs/damage_regression_metrics.csv,3eb39cdf0655b30d707b346834a3ccc462b7418d6a9b315d9e744962d6ff6f6c,2026-03-11T11:30:36.734287+00:00,True
main_4/outputs/diagnostics/tables/benchmark_best_model_robustness.csv,a88d75480ff6889043f9013a123496393344777551e2bbc4959ff34a3ce41b9b,2026-03-19T15:52:40.328229+00:00,True
main_4/outputs/models/hidden_damage/best_models.csv,373f9888baf5d6e049557160acb82446e4c16d62ef24df68dfe47db20184d116,2026-03-16T16:07:53.402503+00:00,True
main_4/outputs/models/surface/peak_rust_pct/leave_one_treatment_out/peak_rust_pct_fold_metrics.csv,82dd229cadbb880c12bfa69c6888fecc69e725bf9d0b7ed387975b1d698246fe,2026-03-16T14:44:53.599380+00:00,True
main_4/outputs/models/surface/surface_total_rust_pct/leave_one_treatment_out/surface_total_rust_pct_fold_metrics.csv,7456346c1bf6608f2c4b0c0433dfec30b667bc20d63e0252642efecce9ff3548,2026-03-16T14:44:34.594884+00:00,True
main_4/outputs/ultimate_load_refocus/pooled_all_weeks/grouped_cv/feature_set_comparison.csv,4a3cf58dc037feda6c9d2ffb4064ef2901698eb999fcab2d35c189d0c92d6bcd,2026-03-25T13:20:16.087252+00:00,True
main_4/outputs/ultimate_load_refocus/pooled_all_weeks/leave_one_campaign_out/feature_set_comparison.csv,69b475f97118c051d840f431afe207dbf383a3aff29610de6d78bd0b513c3bf4,2026-03-25T13:21:05.512121+00:00,True
main_4/outputs/ultimate_load_refocus/pooled_post_onset/grouped_cv/selected_best_model_per_feature_set.csv,e7f16979b3c5200c9ee90494f70bbf0df7d0aed08df41a74c35cd6f22534f832,2026-03-25T13:21:43.878096+00:00,True
main_4/outputs/ultimate_load_refocus/mesh_stratified/mesh_feature_set_comparison.csv,62b125d5ddd0a5b32b166c39e9db235945ec4eba151f3c99d0c067a346dcafec,2026-03-25T13:22:58.521519+00:00,True
main_4/outputs/ultimate_load_refocus/pooled_all_weeks/grouped_cv/experiments/metadata_only/Ridge/fold_metrics.csv,b0496ff4357b300cce73d85c3ece85e093ca859bee086b773c977c8cf238fbd1,2026-03-25T13:08:23.980773+00:00,True
main_4/outputs/ultimate_load_refocus/pooled_all_weeks/grouped_cv/experiments/metadata_only/Ridge/terminal_fold_predictions.csv,b4ecbcba7ac127f6853bcf285ab60f7fdb94337349684d6cf0bef4d7d70c388a,2026-03-25T13:08:23.981426+00:00,True
main_4/outputs/ultimate_load_refocus/pooled_all_weeks/grouped_cv/experiments/metadata_hsv/Ridge/fold_metrics.csv,52044ba03b8eb7e3e14c78f2160147710d67effeeae62c76adf5e65fb5d4cd61,2026-03-25T13:17:21.361983+00:00,True
main_4/outputs/ultimate_load_refocus/pooled_all_weeks/grouped_cv/experiments/metadata_hsv/Ridge/terminal_fold_predictions.csv,2c357ec2cbb9aa2ac4c516a11b43cf74908975a755a2b8ed35d3b0d405987756,2026-03-25T13:17:21.362835+00:00,True
main_4/outputs/ultimate_load_refocus/pooled_all_weeks/grouped_cv/experiments/metadata_rgb_hsv/CatBoost/fold_metrics.csv,33318da7f222da9a0a13cf97ca4cfaf4edb883c27b17ba6c82b6b0e56a3a78cf,2026-03-25T13:18:01.245952+00:00,True
main_4/outputs/ultimate_load_refocus/pooled_all_weeks/grouped_cv/experiments/metadata_rgb_hsv/CatBoost/terminal_fold_predictions.csv,549304b71992dd47d41c48b96805c13f7cc254228912d60203e9aa8a43c8457b,2026-03-25T13:18:01.247120+00:00,True
main_4/outputs/ultimate_load_refocus/pooled_all_weeks/grouped_cv/experiments/metadata_rgb/Ridge/fold_metrics.csv,212de6de73b47b7ce336b8e0e3cfba7d19f93335f3db7f768138897a3b44f9ba,2026-03-25T13:15:44.695258+00:00,True
main_4/outputs/ultimate_load_refocus/pooled_all_weeks/grouped_cv/experiments/metadata_rgb/Ridge/terminal_fold_predictions.csv,b4b57000312088f32de4ff115eaafd08b9e3e759f25ee45433a3a7b0e193cbee,2026-03-25T13:15:44.696195+00:00,True
main_4/outputs/ultimate_load_refocus/pooled_all_weeks/grouped_cv/experiments/hsv_only/CatBoost/fold_metrics.csv,27d3a214f08dadf58eae38fbbd65cadb6c414d9e3ae74102c69dfda6736898c2,2026-03-25T13:10:23.180444+00:00,True
main_4/outputs/ultimate_load_refocus/pooled_all_weeks/grouped_cv/experiments/hsv_only/CatBoost/terminal_fold_predictions.csv,b487857e9a658e25774ac2b11cc6f6ef1e00065f397b6b39ba1d18514303e9f7,2026-03-25T13:10:23.181352+00:00,True
main_4/outputs/ultimate_load_refocus/pooled_all_weeks/grouped_cv/experiments/rgb_hsv/CatBoost/fold_metrics.csv,9baae148a56c098d08a49c2f3b73297ba2bc1f9553c06d8fa7664039afd9f3f5,2026-03-25T13:12:00.168987+00:00,True
main_4/outputs/ultimate_load_refocus/pooled_all_weeks/grouped_cv/experiments/rgb_hsv/CatBoost/terminal_fold_predictions.csv,6b048c82cb819a3ccb7eac3b795e35be631a91ace1f24b4616abe5ec27c7f33c,2026-03-25T13:12:00.170099+00:00,True
main_4/outputs/ultimate_load_refocus/pooled_all_weeks/grouped_cv/experiments/rgb_only/CatBoost/fold_metrics.csv,8e3976bd321694641df998b620cf36453ee947995a1a2dd4db366aa1e4696e99,2026-03-25T13:08:48.958932+00:00,True
main_4/outputs/ultimate_load_refocus/pooled_all_weeks/grouped_cv/experiments/rgb_only/CatBoost/terminal_fold_predictions.csv,821ad92f0f9c6562d5dab32592939315f41e23d05a1b8bfeb9982a8ce79eb7da,2026-03-25T13:08:48.959910+00:00,True
main_4/outputs/splits/master_group_shuffle.csv,0b241803269e6e5412b48c3be9615c1052feee954c8471c6f944b0e97b42e5c5,2026-03-16T14:03:11.112565+00:00,True
main_4/outputs/splits/master_leave_one_campaign_out.csv,52a35f385ba1ce5356da3bda8fe4865cc0a24bc3df2a1a6082445450adaea11b,2026-03-16T14:03:11.133911+00:00,True
main_4/outputs/splits/master_leave_one_campaign_out_summary.csv,f421abd594c267b1d2dbbf151e8bdb2e75ba52930a4f87fa2e236a4f906f8202,2026-03-16T14:03:11.135994+00:00,True
main_4/outputs/splits/master_leave_one_treatment_out.csv,add453981f2a50451811a8ac7cc5dfd26eb52bc96e0f60603c24ea2e52138960,2026-03-16T14:03:11.125662+00:00,True
main_4/outputs/splits/master_group_shuffle_summary.csv,83d3aae9123cbcd3c4c1d2dba6c3cd755bf08902bbf5225b8744b63f278f6eae,2026-03-16T14:03:11.118302+00:00,True
main_4/outputs/splits/master_leave_one_treatment_out_summary.csv,c39c1de97d5a1334d3b08c2607be6bb8f592122d1eb20c51c711d604e864692c,2026-03-16T14:03:11.132119+00:00,True
main_4/outputs/ultimate_load_refocus/splits/grouped_cv_specimen_manifest.csv,33d684d8365300aade9b7fc4f1051d6c178004c2c97926d933d0bb674e69f80d,2026-03-25T13:07:47.755017+00:00,True
main_4/outputs/ultimate_load_refocus/splits/leave_one_campaign_out_specimen_manifest.csv,4ac2b30b8ca6c2f8327fe773809b9f57e1eae0493e0620ef18a70e5f3235f12b,2026-03-25T13:07:48.005118+00:00,True
main_4/outputs/ultimate_load_refocus/mesh_stratified/mesh_7/grouped_cv/specimen_manifest.csv,5c63015cb2fb2de000436e9fb48722cd69faa8049cae0fe8b653c7d4f12faf11,2026-03-25T13:22:25.850289+00:00,True
main_4/outputs/ultimate_load_refocus/mesh_stratified/mesh_4/grouped_cv/specimen_manifest.csv,39b237c0f75171e9663fadf607e035308ea90d40efa186c5fe8a0507d14b795d,2026-03-25T13:21:49.954671+00:00,True
main_4/outputs/ultimate_load_refocus/pooled_post_onset/leave_one_campaign_out/specimen_manifest.csv,a39a13f85e92328c6c9ab07d88e7aff08f64ad6a0c0d9abc736560eb40592363,2026-03-25T13:21:43.900188+00:00,True
main_4/outputs/ultimate_load_refocus/pooled_post_onset/grouped_cv/specimen_manifest.csv,8fc12011485024c827c64313506a6b997b60791c93a2850a88ec0f1ff0310093,2026-03-25T13:21:06.136124+00:00,True
main_4/outputs/ultimate_load_refocus/data/specimen_summary_table.csv,167b72dd3d51d61e2f6fee1a642b5903863fa5a13e1d8ce2f9ab4ec926f171d2,2026-03-25T13:07:46.083927+00:00,True
main_4/outputs/ultimate_load_refocus/correlations/mesh_stratified_corrosion_vs_ultimate_load.csv,569529746110086d5b6f1118dca47a62f931720bd99afc07ab22cb2f56eef0e3,2026-03-25T13:07:47.708329+00:00,True
main_4/outputs/models/proxy_rul/proxy_rul_estimates.csv,6b9aacc7e01036ed2d5116cd0500c45a8061d02400a551c5cc6a1ff7a4530302,2026-03-16T16:08:53.073164+00:00,True
main_4/outputs/models/proxy_rul/proxy_rul_summary.json,42a452a6751b8fa1afcd07a1a314d8722ef43d0cfd9dd69b55340291a8c030f5,2026-03-16T16:08:53.334932+00:00,True
main_4/outputs/models/degradation/degradation_best_fits.csv,e00d13a4f8d6f476250b3ffc90eef4dd11a76299ab2f7593f94c4a178e39ac93,2026-03-16T16:08:22.311620+00:00,True
