target,model_name,split_id,sample_name,y_true,y_pred
peak_rust_pct,RandomForest,leave_one_campaign_out_0,S1MI01-20220518-0W,0.296,0.1531731597662282
peak_rust_pct,RandomForest,leave_one_campaign_out_0,S1MI01-20220603-2W,0.268,0.22318728574072982
peak_rust_pct,RandomForest,leave_one_campaign_out_0,S1MI01-20220609-3W,0.503,0.34131567250048417
peak_rust_pct,RandomForest,leave_one_campaign_out_0,S1MI01-20220616-4W,0.182,0.16278968817607095
peak_rust_pct,RandomForest,leave_one_campaign_out_0,S1MI01-20220623-5W,0.512,0.3456316016731633
peak_rust_pct,RandomForest,leave_one_campaign_out_0,S1MI01-20220630-6W,0.793,0.48784891487434134
peak_rust_pct,RandomForest,leave_one_campaign_out_0,S1MI01-20220708-7W,0.621,0.38716004788838604
peak_rust_pct,RandomForest,leave_one_campaign_out_0,S1MI01-20220714-8W,1.091,0.7006959828249092
peak_rust_pct,RandomForest,leave_one_campaign_out_0,S1MI01-20220721-9W,1.465,0.9132172976190469
peak_rust_pct,RandomForest,leave_one_campaign_out_0,S1MI01-20220802-10W,1.259,0.8481402491582485
peak_rust_pct,RandomForest,leave_one_campaign_out_0,S1MI01-20220822-13W,1.192,0.9255343611111098
peak_rust_pct,RandomForest,leave_one_campaign_out_0,S1MI01-20220906-15W,3.062,2.0241655230972735
peak_rust_pct,RandomForest,leave_one_campaign_out_0,S1MI01-20221102-24W,10.629,7.566610406038398
peak_rust_pct,RandomForest,leave_one_campaign_out_0,S1MI01-20221110-25W,6.92,6.330417652116403
peak_rust_pct,RandomForest,leave_one_campaign_out_0,S1MI01-20221206-28W,10.873,8.968911932439859
peak_rust_pct,RandomForest,leave_one_campaign_out_0,S1MI02-20220518-0W,0.554,0.3905736347829729
peak_rust_pct,RandomForest,leave_one_campaign_out_0,S1MI02-20220603-2W,0.311,0.2697004420008067
peak_rust_pct,RandomForest,leave_one_campaign_out_0,S1MI02-20220609-3W,0.478,0.30745560669450067
peak_rust_pct,RandomForest,leave_one_campaign_out_0,S1MI02-20220616-4W,0.478,0.3080510233611673
peak_rust_pct,RandomForest,leave_one_campaign_out_0,S1MI02-20220623-5W,0.638,0.3900675910581791
peak_rust_pct,RandomForest,leave_one_campaign_out_0,S1MI02-20220630-6W,0.972,0.49744736525729166
peak_rust_pct,RandomForest,leave_one_campaign_out_0,S1MI02-20220708-7W,0.573,0.30977891848407557
peak_rust_pct,RandomForest,leave_one_campaign_out_0,S1MI02-20220714-8W,0.684,0.4303109224315987
peak_rust_pct,RandomForest,leave_one_campaign_out_0,S1MI02-20220721-9W,0.462,0.30280775857040254
peak_rust_pct,RandomForest,leave_one_campaign_out_0,S1MI02-20220802-10W,0.627,0.3995929524097905
peak_rust_pct,RandomForest,leave_one_campaign_out_0,S1MI02-20220822-13W,0.36,0.2585961023238169
peak_rust_pct,RandomForest,leave_one_campaign_out_0,S1MI02-20220906-15W,0.977,0.5149993838960601
peak_rust_pct,RandomForest,leave_one_campaign_out_0,S1MI02-20221102-24W,19.849,22.001504045736652
peak_rust_pct,RandomForest,leave_one_campaign_out_0,S1MI02-20221110-25W,10.011,12.515769135226337
peak_rust_pct,RandomForest,leave_one_campaign_out_0,S1MI02-20221206-28W,14.741,17.08203562045145
peak_rust_pct,RandomForest,leave_one_campaign_out_0,S1MI03-20220518-0W,0.658,0.4020270560942323
peak_rust_pct,RandomForest,leave_one_campaign_out_0,S1MI03-20220603-2W,2.027,1.459810955636955
peak_rust_pct,RandomForest,leave_one_campaign_out_0,S1MI03-20220609-3W,1.127,0.8467333465608458
peak_rust_pct,RandomForest,leave_one_campaign_out_0,S1MI03-20220616-4W,0.852,0.5585134065123325
peak_rust_pct,RandomForest,leave_one_campaign_out_0,S1MI03-20220623-5W,0.797,0.8095169647667144
peak_rust_pct,RandomForest,leave_one_campaign_out_0,S1MI03-20220630-6W,1.878,1.3886934973544978
peak_rust_pct,RandomForest,leave_one_campaign_out_0,S1MI03-20220708-7W,0.825,0.8364981234968731
peak_rust_pct,RandomForest,leave_one_campaign_out_0,S1MI03-20220714-8W,0.841,0.4423709118495882
peak_rust_pct,RandomForest,leave_one_campaign_out_0,S1MI03-20220721-9W,1.477,1.111128531746032
peak_rust_pct,RandomForest,leave_one_campaign_out_0,S1MI03-20220802-10W,2.037,1.4549031685999185
peak_rust_pct,RandomForest,leave_one_campaign_out_0,S1MI03-20220822-13W,1.344,0.9037752301587292
peak_rust_pct,RandomForest,leave_one_campaign_out_0,S1MI03-20220906-15W,3.478,2.5082744098124112
peak_rust_pct,RandomForest,leave_one_campaign_out_0,S1MI03-20221102-24W,20.312,19.45629543605469
peak_rust_pct,RandomForest,leave_one_campaign_out_0,S1MI03-20221110-25W,18.75,18.267718309708815
peak_rust_pct,RandomForest,leave_one_campaign_out_0,S1MI03-20221206-28W,26.097,25.33037052958152
peak_rust_pct,RandomForest,leave_one_campaign_out_0,S1MI04-20220518-0W,0.511,0.35587418546437205
peak_rust_pct,RandomForest,leave_one_campaign_out_0,S1MI04-20220603-2W,1.424,0.9625880873015866
peak_rust_pct,RandomForest,leave_one_campaign_out_0,S1MI04-20220609-3W,1.643,0.9116995555555552
peak_rust_pct,RandomForest,leave_one_campaign_out_0,S1MI04-20220616-4W,1.382,0.8561043611111103
peak_rust_pct,RandomForest,leave_one_campaign_out_0,S1MI04-20220623-5W,2.154,1.3795969953194955
peak_rust_pct,RandomForest,leave_one_campaign_out_0,S1MI04-20220630-6W,2.512,1.5641240482295478
peak_rust_pct,RandomForest,leave_one_campaign_out_0,S1MI04-20220708-7W,2.307,1.4027423201058202
peak_rust_pct,RandomForest,leave_one_campaign_out_0,S1MI04-20220714-8W,3.081,2.357978936572686
peak_rust_pct,RandomForest,leave_one_campaign_out_0,S1MI04-20220721-9W,2.96,1.719889232091983
peak_rust_pct,RandomForest,leave_one_campaign_out_0,S1MI04-20220802-10W,5.508,4.52175990133478
peak_rust_pct,RandomForest,leave_one_campaign_out_0,S1MI04-20220822-13W,3.413,2.6324000170104953
peak_rust_pct,RandomForest,leave_one_campaign_out_0,S1MI04-20220906-15W,10.809,9.43798170884528
peak_rust_pct,RandomForest,leave_one_campaign_out_0,S1MI04-20221102-24W,35.34,46.244414611111104
peak_rust_pct,RandomForest,leave_one_campaign_out_0,S1MI04-20221110-25W,23.661,26.195978304232792
peak_rust_pct,RandomForest,leave_one_campaign_out_0,S1MI04-20221206-28W,44.239,52.90394889682541
peak_rust_pct,RandomForest,leave_one_campaign_out_0,S1MI05-20220518-0W,0.442,0.49170746314088964
peak_rust_pct,RandomForest,leave_one_campaign_out_0,S1MI05-20220603-2W,0.843,0.808037076719576
peak_rust_pct,RandomForest,leave_one_campaign_out_0,S1MI05-20220609-3W,0.529,1.0749273597883595
peak_rust_pct,RandomForest,leave_one_campaign_out_0,S1MI05-20220616-4W,0.475,1.240964641534392
peak_rust_pct,RandomForest,leave_one_campaign_out_0,S1MI05-20220623-5W,0.854,2.7084658622581133
peak_rust_pct,RandomForest,leave_one_campaign_out_0,S1MI05-20220630-6W,0.899,1.914958892144894
peak_rust_pct,RandomForest,leave_one_campaign_out_0,S1MI05-20220708-7W,0.418,1.114766189153439
peak_rust_pct,RandomForest,leave_one_campaign_out_0,S1MI05-20220714-8W,1.33,1.3638640806878304
peak_rust_pct,RandomForest,leave_one_campaign_out_0,S1MI05-20220721-9W,2.266,2.5813184425713187
peak_rust_pct,RandomForest,leave_one_campaign_out_0,S1MI05-20220802-10W,2.887,3.4885432470593134
peak_rust_pct,RandomForest,leave_one_campaign_out_0,S1MI05-20220822-13W,2.979,3.5223079399801978
peak_rust_pct,RandomForest,leave_one_campaign_out_0,S1MI05-20220906-15W,10.276,15.65693062975142
peak_rust_pct,RandomForest,leave_one_campaign_out_0,S1MI05-20221102-24W,44.859,54.41720337301587
peak_rust_pct,RandomForest,leave_one_campaign_out_0,S1MI05-20221110-25W,20.826,26.43143808675692
peak_rust_pct,RandomForest,leave_one_campaign_out_0,S1MI05-20221206-28W,48.059,63.457706507936464
peak_rust_pct,RandomForest,leave_one_campaign_out_0,S1MI06-20220518-0W,0.34,0.2638272276739571
peak_rust_pct,RandomForest,leave_one_campaign_out_0,S1MI06-20220603-2W,0.293,0.15732229713370824
peak_rust_pct,RandomForest,leave_one_campaign_out_0,S1MI06-20220609-3W,0.371,0.22869784382389668
peak_rust_pct,RandomForest,leave_one_campaign_out_0,S1MI06-20220616-4W,0.375,0.2492021099268713
peak_rust_pct,RandomForest,leave_one_campaign_out_0,S1MI06-20220623-5W,0.391,0.2800870310678426
peak_rust_pct,RandomForest,leave_one_campaign_out_0,S1MI06-20220630-6W,0.403,0.3174183677477749
peak_rust_pct,RandomForest,leave_one_campaign_out_0,S1MI06-20220708-7W,0.476,0.3105800757712329
peak_rust_pct,RandomForest,leave_one_campaign_out_0,S1MI06-20220714-8W,0.588,0.4824103355000119
peak_rust_pct,RandomForest,leave_one_campaign_out_0,S1MI06-20220721-9W,0.765,0.49708460942978583
peak_rust_pct,RandomForest,leave_one_campaign_out_0,S1MI06-20220802-10W,0.553,0.4048661964076229
peak_rust_pct,RandomForest,leave_one_campaign_out_0,S1MI06-20220822-13W,0.318,0.32259681228499165
peak_rust_pct,RandomForest,leave_one_campaign_out_0,S1MI06-20220906-15W,3.084,2.6897551121424876
peak_rust_pct,RandomForest,leave_one_campaign_out_0,S1MI06-20221102-24W,14.276,17.037710702095545
peak_rust_pct,RandomForest,leave_one_campaign_out_0,S1MI06-20221110-25W,14.972,16.74121683018176
peak_rust_pct,RandomForest,leave_one_campaign_out_0,S1MI06-20221206-28W,12.355,16.75812406613489
peak_rust_pct,RandomForest,leave_one_campaign_out_0,S1MI07-20220518-0W,0.388,0.3092613731840053
peak_rust_pct,RandomForest,leave_one_campaign_out_0,S1MI07-20220603-2W,1.489,1.0620439490231988
peak_rust_pct,RandomForest,leave_one_campaign_out_0,S1MI07-20220609-3W,0.422,0.21614284606426992
peak_rust_pct,RandomForest,leave_one_campaign_out_0,S1MI07-20220616-4W,0.235,0.14888663479567862
peak_rust_pct,RandomForest,leave_one_campaign_out_0,S1MI07-20220623-5W,0.61,0.384565744876583
peak_rust_pct,RandomForest,leave_one_campaign_out_0,S1MI07-20220630-6W,0.775,0.42268806134823755
peak_rust_pct,RandomForest,leave_one_campaign_out_0,S1MI07-20220708-7W,0.439,0.2839253408738835
peak_rust_pct,RandomForest,leave_one_campaign_out_0,S1MI07-20220714-8W,0.808,0.48469957671250324
peak_rust_pct,RandomForest,leave_one_campaign_out_0,S1MI07-20220721-9W,1.214,0.7955397168223932
peak_rust_pct,RandomForest,leave_one_campaign_out_0,S1MI07-20220802-10W,1.264,0.9644486328856324
peak_rust_pct,RandomForest,leave_one_campaign_out_0,S1MI07-20220822-13W,0.304,0.18642532158901748
peak_rust_pct,RandomForest,leave_one_campaign_out_0,S1MI07-20220906-15W,2.954,1.5205832373829877
peak_rust_pct,RandomForest,leave_one_campaign_out_0,S1MI07-20221102-24W,2.887,1.8418094225681738
peak_rust_pct,RandomForest,leave_one_campaign_out_0,S1MI07-20221110-25W,2.688,2.902538869579224
peak_rust_pct,RandomForest,leave_one_campaign_out_0,S1MI07-20221206-28W,3.683,4.11333421086321
peak_rust_pct,RandomForest,leave_one_campaign_out_0,S2SA01-20220518-0W,0.147,0.1599700156300764
peak_rust_pct,RandomForest,leave_one_campaign_out_0,S2SA01-20220603-2W,0.28,0.302507276801956
peak_rust_pct,RandomForest,leave_one_campaign_out_0,S2SA01-20220609-3W,0.236,0.17157649505035355
peak_rust_pct,RandomForest,leave_one_campaign_out_0,S2SA01-20220616-4W,0.119,0.13361444997532446
peak_rust_pct,RandomForest,leave_one_campaign_out_0,S2SA01-20220623-5W,0.475,0.39658745074375495
peak_rust_pct,RandomForest,leave_one_campaign_out_0,S2SA01-20220630-6W,1.117,0.8146843981481475
peak_rust_pct,RandomForest,leave_one_campaign_out_0,S2SA01-20220708-7W,0.478,0.3854783671761786
peak_rust_pct,RandomForest,leave_one_campaign_out_0,S2SA01-20220714-8W,1.711,1.2023858690476181
peak_rust_pct,RandomForest,leave_one_campaign_out_0,S2SA01-20220721-9W,0.595,0.4326627880088321
peak_rust_pct,RandomForest,leave_one_campaign_out_0,S2SA01-20220802-10W,1.008,0.8303751856661853
peak_rust_pct,RandomForest,leave_one_campaign_out_0,S2SA01-20220822-13W,1.223,0.8921974126984118
peak_rust_pct,RandomForest,leave_one_campaign_out_0,S2SA01-20220906-15W,5.738,6.152090354497359
peak_rust_pct,RandomForest,leave_one_campaign_out_0,S2SA01-20221102-24W,24.595,35.92967077910054
peak_rust_pct,RandomForest,leave_one_campaign_out_0,S2SA01-20221110-25W,11.918,15.483492746882842
peak_rust_pct,RandomForest,leave_one_campaign_out_0,S2SA01-20221206-28W,23.504,25.93007772450697
peak_rust_pct,RandomForest,leave_one_campaign_out_0,S2SA02-20220518-0W,0.212,0.17786070096756035
peak_rust_pct,RandomForest,leave_one_campaign_out_0,S2SA02-20220603-2W,0.349,0.3416467259701626
peak_rust_pct,RandomForest,leave_one_campaign_out_0,S2SA02-20220609-3W,0.17,0.16073208156626437
peak_rust_pct,RandomForest,leave_one_campaign_out_0,S2SA02-20220616-4W,0.213,0.19095359463226516
peak_rust_pct,RandomForest,leave_one_campaign_out_0,S2SA02-20220623-5W,0.312,0.28520747588500794
peak_rust_pct,RandomForest,leave_one_campaign_out_0,S2SA02-20220630-6W,0.405,0.34457043080699246
peak_rust_pct,RandomForest,leave_one_campaign_out_0,S2SA02-20220708-7W,0.671,0.5250825374619936
peak_rust_pct,RandomForest,leave_one_campaign_out_0,S2SA02-20220714-8W,0.702,0.5462183656343657
peak_rust_pct,RandomForest,leave_one_campaign_out_0,S2SA02-20220721-9W,0.606,0.5007468716397979
peak_rust_pct,RandomForest,leave_one_campaign_out_0,S2SA02-20220802-10W,1.473,1.2596249642857138
peak_rust_pct,RandomForest,leave_one_campaign_out_0,S2SA02-20220822-13W,0.417,0.3564931415333574
peak_rust_pct,RandomForest,leave_one_campaign_out_0,S2SA02-20220906-15W,3.229,2.837474639258618
peak_rust_pct,RandomForest,leave_one_campaign_out_0,S2SA02-20221102-24W,13.706,18.24822529675617
peak_rust_pct,RandomForest,leave_one_campaign_out_0,S2SA02-20221110-25W,7.973,10.259720748356647
peak_rust_pct,RandomForest,leave_one_campaign_out_0,S2SA02-20221206-28W,13.214,16.95619402258038
peak_rust_pct,RandomForest,leave_one_campaign_out_0,S2SA03-20220518-0W,0.424,0.2767862039088905
peak_rust_pct,RandomForest,leave_one_campaign_out_0,S2SA03-20220603-2W,1.006,0.7915009343434337
peak_rust_pct,RandomForest,leave_one_campaign_out_0,S2SA03-20220609-3W,0.654,0.5220618885281386
peak_rust_pct,RandomForest,leave_one_campaign_out_0,S2SA03-20220616-4W,0.685,0.5899735875235874
peak_rust_pct,RandomForest,leave_one_campaign_out_0,S2SA03-20220623-5W,1.013,0.9088201962481955
peak_rust_pct,RandomForest,leave_one_campaign_out_0,S2SA03-20220630-6W,1.331,0.9999195158730153
peak_rust_pct,RandomForest,leave_one_campaign_out_0,S2SA03-20220708-7W,1.236,0.9034854819624809
peak_rust_pct,RandomForest,leave_one_campaign_out_0,S2SA03-20220714-8W,1.782,1.0688600992063488
peak_rust_pct,RandomForest,leave_one_campaign_out_0,S2SA03-20220721-9W,1.828,1.1629311791819292
peak_rust_pct,RandomForest,leave_one_campaign_out_0,S2SA03-20220802-10W,1.857,1.4562628008750507
peak_rust_pct,RandomForest,leave_one_campaign_out_0,S2SA03-20220822-13W,2.217,1.550023367012617
peak_rust_pct,RandomForest,leave_one_campaign_out_0,S2SA03-20220906-15W,6.634,4.979828794252044
peak_rust_pct,RandomForest,leave_one_campaign_out_0,S2SA03-20221102-24W,39.557,38.669421791005284
peak_rust_pct,RandomForest,leave_one_campaign_out_0,S2SA03-20221110-25W,26.457,22.65319633685866
peak_rust_pct,RandomForest,leave_one_campaign_out_0,S2SA03-20221206-28W,69.24,69.49445778571426
peak_rust_pct,RandomForest,leave_one_campaign_out_0,S2SA04-20220518-0W,0.544,0.30249950335339726
peak_rust_pct,RandomForest,leave_one_campaign_out_0,S2SA04-20220603-2W,0.371,0.27881684218586095
peak_rust_pct,RandomForest,leave_one_campaign_out_0,S2SA04-20220609-3W,0.251,0.1606668276113721
peak_rust_pct,RandomForest,leave_one_campaign_out_0,S2SA04-20220616-4W,0.099,0.1287324393868389
peak_rust_pct,RandomForest,leave_one_campaign_out_0,S2SA04-20220623-5W,0.467,0.3065968201449391
peak_rust_pct,RandomForest,leave_one_campaign_out_0,S2SA04-20220630-6W,0.086,0.12439047857363247
peak_rust_pct,RandomForest,leave_one_campaign_out_0,S2SA04-20220708-7W,0.115,0.1399033680658453
peak_rust_pct,RandomForest,leave_one_campaign_out_0,S2SA04-20220714-8W,0.636,0.41278871411214024
peak_rust_pct,RandomForest,leave_one_campaign_out_0,S2SA04-20220721-9W,0.33,0.27417340579594407
peak_rust_pct,RandomForest,leave_one_campaign_out_0,S2SA04-20220802-10W,0.697,0.6171668147593147
peak_rust_pct,RandomForest,leave_one_campaign_out_0,S2SA04-20220822-13W,0.886,0.8202256539201537
peak_rust_pct,RandomForest,leave_one_campaign_out_0,S2SA04-20220906-15W,2.158,1.8311962486772495
peak_rust_pct,RandomForest,leave_one_campaign_out_0,S2SA04-20221102-24W,6.26,6.061180074074077
peak_rust_pct,RandomForest,leave_one_campaign_out_0,S2SA04-20221110-25W,6.734,6.170691373015874
peak_rust_pct,RandomForest,leave_one_campaign_out_0,S2SA04-20221206-28W,22.182,27.451193027777776
peak_rust_pct,RandomForest,leave_one_campaign_out_0,S2SA05-20220518-0W,0.225,0.2446323366227971
peak_rust_pct,RandomForest,leave_one_campaign_out_0,S2SA05-20220603-2W,0.4,0.2540986933456913
peak_rust_pct,RandomForest,leave_one_campaign_out_0,S2SA05-20220609-3W,0.332,0.19028210672942727
peak_rust_pct,RandomForest,leave_one_campaign_out_0,S2SA05-20220616-4W,0.073,0.09418087903765748
peak_rust_pct,RandomForest,leave_one_campaign_out_0,S2SA05-20220623-5W,0.203,0.16138472508273247
peak_rust_pct,RandomForest,leave_one_campaign_out_0,S2SA05-20220630-6W,0.255,0.1969702145181291
peak_rust_pct,RandomForest,leave_one_campaign_out_0,S2SA05-20220708-7W,0.112,0.12132380570760964
peak_rust_pct,RandomForest,leave_one_campaign_out_0,S2SA05-20220714-8W,0.243,0.152964486688809
peak_rust_pct,RandomForest,leave_one_campaign_out_0,S2SA05-20220721-9W,0.235,0.14748995682737334
peak_rust_pct,RandomForest,leave_one_campaign_out_0,S2SA05-20220802-10W,0.253,0.14401791697279706
peak_rust_pct,RandomForest,leave_one_campaign_out_0,S2SA05-20220822-13W,0.112,0.11403969033161734
peak_rust_pct,RandomForest,leave_one_campaign_out_0,S2SA05-20220906-15W,0.658,0.5037053755525521
peak_rust_pct,RandomForest,leave_one_campaign_out_0,S2SA05-20221102-24W,4.15,5.594442843314094
peak_rust_pct,RandomForest,leave_one_campaign_out_0,S2SA05-20221110-25W,7.777,14.999682543482159
peak_rust_pct,RandomForest,leave_one_campaign_out_0,S2SA05-20221206-28W,28.547,42.62716538227514
peak_rust_pct,RandomForest,leave_one_campaign_out_0,S2SA06-20220518-0W,0.132,0.1601563059903153
peak_rust_pct,RandomForest,leave_one_campaign_out_0,S2SA06-20220603-2W,0.146,0.1542137657417514
peak_rust_pct,RandomForest,leave_one_campaign_out_0,S2SA06-20220609-3W,0.094,0.2295175179344047
peak_rust_pct,RandomForest,leave_one_campaign_out_0,S2SA06-20220616-4W,0.031,0.07171439280250264
peak_rust_pct,RandomForest,leave_one_campaign_out_0,S2SA06-20220623-5W,0.113,0.14801140048221162
peak_rust_pct,RandomForest,leave_one_campaign_out_0,S2SA06-20220630-6W,0.133,0.15511373074772847
peak_rust_pct,RandomForest,leave_one_campaign_out_0,S2SA06-20220708-7W,0.76,0.8632439325396818
peak_rust_pct,RandomForest,leave_one_campaign_out_0,S2SA06-20220714-8W,0.352,0.3986789533723356
peak_rust_pct,RandomForest,leave_one_campaign_out_0,S2SA06-20220721-9W,0.424,0.4774773799827623
peak_rust_pct,RandomForest,leave_one_campaign_out_0,S2SA06-20220802-10W,0.648,0.7779298814333809
peak_rust_pct,RandomForest,leave_one_campaign_out_0,S2SA06-20220822-13W,0.515,0.45214290846354077
peak_rust_pct,RandomForest,leave_one_campaign_out_0,S2SA06-20220906-15W,4.146,3.4439405974650277
peak_rust_pct,RandomForest,leave_one_campaign_out_0,S2SA06-20221102-24W,10.466,7.5535220130610075
peak_rust_pct,RandomForest,leave_one_campaign_out_0,S2SA06-20221110-25W,9.379,8.71928147237779
peak_rust_pct,RandomForest,leave_one_campaign_out_0,S2SA06-20221206-28W,29.599,35.60625253174602
peak_rust_pct,RandomForest,leave_one_campaign_out_0,S2SA07-20220518-0W,0.202,0.13478889528474344
peak_rust_pct,RandomForest,leave_one_campaign_out_0,S2SA07-20220603-2W,0.161,0.09296697127134651
peak_rust_pct,RandomForest,leave_one_campaign_out_0,S2SA07-20220609-3W,0.166,0.15919693929649714
peak_rust_pct,RandomForest,leave_one_campaign_out_0,S2SA07-20220616-4W,0.103,0.07904305354886625
peak_rust_pct,RandomForest,leave_one_campaign_out_0,S2SA07-20220623-5W,0.107,0.07448023251108549
peak_rust_pct,RandomForest,leave_one_campaign_out_0,S2SA07-20220630-6W,0.089,0.06387421555499374
peak_rust_pct,RandomForest,leave_one_campaign_out_0,S2SA07-20220708-7W,0.255,0.24892625422942766
peak_rust_pct,RandomForest,leave_one_campaign_out_0,S2SA07-20220714-8W,0.232,0.2553793108514004
peak_rust_pct,RandomForest,leave_one_campaign_out_0,S2SA07-20220721-9W,0.302,0.25694565188509444
peak_rust_pct,RandomForest,leave_one_campaign_out_0,S2SA07-20220802-10W,0.293,0.2698295457799823
peak_rust_pct,RandomForest,leave_one_campaign_out_0,S2SA07-20220822-13W,0.209,0.13335732972962874
peak_rust_pct,RandomForest,leave_one_campaign_out_0,S2SA07-20220906-15W,1.259,1.0074317857142845
peak_rust_pct,RandomForest,leave_one_campaign_out_0,S2SA07-20221102-24W,21.272,22.26885015198226
peak_rust_pct,RandomForest,leave_one_campaign_out_0,S2SA07-20221110-25W,26.266,27.431512431277024
peak_rust_pct,RandomForest,leave_one_campaign_out_0,S2SA07-20221206-28W,45.484,42.89681840476187
peak_rust_pct,RandomForest,leave_one_campaign_out_0,S3PA01-20220518-0W,0.068,0.055281623442700746
peak_rust_pct,RandomForest,leave_one_campaign_out_0,S3PA01-20220603-2W,0.124,0.1335257606982798
peak_rust_pct,RandomForest,leave_one_campaign_out_0,S3PA01-20220609-3W,0.364,0.28238692071251176
peak_rust_pct,RandomForest,leave_one_campaign_out_0,S3PA01-20220616-4W,0.168,0.16200006379563633
peak_rust_pct,RandomForest,leave_one_campaign_out_0,S3PA01-20220623-5W,0.399,0.3385049722073133
peak_rust_pct,RandomForest,leave_one_campaign_out_0,S3PA01-20220630-6W,0.775,0.5696707326306587
peak_rust_pct,RandomForest,leave_one_campaign_out_0,S3PA01-20220708-7W,1.495,1.2081559880952377
peak_rust_pct,RandomForest,leave_one_campaign_out_0,S3PA01-20220714-8W,1.1,0.7994347050264544
peak_rust_pct,RandomForest,leave_one_campaign_out_0,S3PA01-20220721-9W,1.475,1.2734080436507929
peak_rust_pct,RandomForest,leave_one_campaign_out_0,S3PA01-20220802-10W,2.345,1.7197628306878308
peak_rust_pct,RandomForest,leave_one_campaign_out_0,S3PA01-20220822-13W,1.282,0.8985789695767187
peak_rust_pct,RandomForest,leave_one_campaign_out_0,S3PA01-20220906-15W,2.835,2.3611171224053717
peak_rust_pct,RandomForest,leave_one_campaign_out_0,S3PA01-20221102-24W,5.677,6.097283929579686
peak_rust_pct,RandomForest,leave_one_campaign_out_0,S3PA01-20221110-25W,7.442,6.757396174492178
peak_rust_pct,RandomForest,leave_one_campaign_out_0,S3PA01-20221206-28W,10.089,11.360483419347094
peak_rust_pct,RandomForest,leave_one_campaign_out_0,S3PA02-20220518-0W,0.38,0.34260758175626116
peak_rust_pct,RandomForest,leave_one_campaign_out_0,S3PA02-20220603-2W,0.376,0.27226818046713613
peak_rust_pct,RandomForest,leave_one_campaign_out_0,S3PA02-20220609-3W,0.239,0.14882976768411016
peak_rust_pct,RandomForest,leave_one_campaign_out_0,S3PA02-20220616-4W,0.06,0.10393031117659692
peak_rust_pct,RandomForest,leave_one_campaign_out_0,S3PA02-20220623-5W,0.096,0.125168627163659
peak_rust_pct,RandomForest,leave_one_campaign_out_0,S3PA02-20220630-6W,0.433,0.33574947860179016
peak_rust_pct,RandomForest,leave_one_campaign_out_0,S3PA02-20220708-7W,0.239,0.18001719972403257
peak_rust_pct,RandomForest,leave_one_campaign_out_0,S3PA02-20220714-8W,0.246,0.1693578906779044
peak_rust_pct,RandomForest,leave_one_campaign_out_0,S3PA02-20220721-9W,0.333,0.23164734561897135
peak_rust_pct,RandomForest,leave_one_campaign_out_0,S3PA02-20220802-10W,0.373,0.4713044302108567
peak_rust_pct,RandomForest,leave_one_campaign_out_0,S3PA02-20220822-13W,0.225,0.5265597579365079
peak_rust_pct,RandomForest,leave_one_campaign_out_0,S3PA02-20220906-15W,0.612,0.5435248737373738
peak_rust_pct,RandomForest,leave_one_campaign_out_0,S3PA02-20221102-24W,4.145,3.0477175500931546
peak_rust_pct,RandomForest,leave_one_campaign_out_0,S3PA02-20221110-25W,6.714,6.201812762728016
peak_rust_pct,RandomForest,leave_one_campaign_out_0,S3PA02-20221206-28W,14.279,14.073011145195812
peak_rust_pct,RandomForest,leave_one_campaign_out_0,S3PA03-20220518-0W,0.168,0.12888008916674304
peak_rust_pct,RandomForest,leave_one_campaign_out_0,S3PA03-20220603-2W,0.36,0.2731584577158134
peak_rust_pct,RandomForest,leave_one_campaign_out_0,S3PA03-20220609-3W,0.304,0.15810922632951246
peak_rust_pct,RandomForest,leave_one_campaign_out_0,S3PA03-20220616-4W,0.103,0.1062034509677913
peak_rust_pct,RandomForest,leave_one_campaign_out_0,S3PA03-20220623-5W,0.201,0.15119072521031576
peak_rust_pct,RandomForest,leave_one_campaign_out_0,S3PA03-20220630-6W,0.436,0.2738255994925552
peak_rust_pct,RandomForest,leave_one_campaign_out_0,S3PA03-20220708-7W,0.684,0.5080277717369778
peak_rust_pct,RandomForest,leave_one_campaign_out_0,S3PA03-20220714-8W,0.99,0.8700006005291001
peak_rust_pct,RandomForest,leave_one_campaign_out_0,S3PA03-20220721-9W,1.455,1.257267837301587
peak_rust_pct,RandomForest,leave_one_campaign_out_0,S3PA03-20220802-10W,2.026,1.341739335978835
peak_rust_pct,RandomForest,leave_one_campaign_out_0,S3PA03-20220822-13W,2.009,1.3427538161375652
peak_rust_pct,RandomForest,leave_one_campaign_out_0,S3PA03-20220906-15W,2.262,1.3647606137566128
peak_rust_pct,RandomForest,leave_one_campaign_out_0,S3PA03-20221102-24W,17.348,18.356427151499606
peak_rust_pct,RandomForest,leave_one_campaign_out_0,S3PA03-20221110-25W,21.583,22.199493960437692
peak_rust_pct,RandomForest,leave_one_campaign_out_0,S3PA03-20221206-28W,30.48,32.372150337301605
peak_rust_pct,RandomForest,leave_one_campaign_out_0,S3PA04-20220518-0W,0.608,0.3913824329627342
peak_rust_pct,RandomForest,leave_one_campaign_out_0,S3PA04-20220603-2W,0.425,0.3429162377242037
peak_rust_pct,RandomForest,leave_one_campaign_out_0,S3PA04-20220609-3W,0.634,0.5169927287897288
peak_rust_pct,RandomForest,leave_one_campaign_out_0,S3PA04-20220616-4W,0.4,0.335517199680004
peak_rust_pct,RandomForest,leave_one_campaign_out_0,S3PA04-20220623-5W,0.738,0.7674723496873495
peak_rust_pct,RandomForest,leave_one_campaign_out_0,S3PA04-20220630-6W,1.003,0.8989672552910044
peak_rust_pct,RandomForest,leave_one_campaign_out_0,S3PA04-20220708-7W,1.274,1.2346838531746034
peak_rust_pct,RandomForest,leave_one_campaign_out_0,S3PA04-20220714-8W,1.629,1.3275556481481474
peak_rust_pct,RandomForest,leave_one_campaign_out_0,S3PA04-20220721-9W,1.501,1.282998305555555
peak_rust_pct,RandomForest,leave_one_campaign_out_0,S3PA04-20220802-10W,1.218,1.1358386600529096
peak_rust_pct,RandomForest,leave_one_campaign_out_0,S3PA04-20220822-13W,0.989,0.9024982182539674
peak_rust_pct,RandomForest,leave_one_campaign_out_0,S3PA04-20220906-15W,0.894,0.8606581203703697
peak_rust_pct,RandomForest,leave_one_campaign_out_0,S3PA04-20221102-24W,4.507,6.1546785174825205
peak_rust_pct,RandomForest,leave_one_campaign_out_0,S3PA04-20221110-25W,4.829,6.953255604247606
peak_rust_pct,RandomForest,leave_one_campaign_out_0,S3PA04-20221206-28W,7.815,11.52218074697158
peak_rust_pct,RandomForest,leave_one_campaign_out_0,S4SAVF01-20220518-0W,0.624,0.44542126976944635
peak_rust_pct,RandomForest,leave_one_campaign_out_0,S4SAVF01-20220603-2W,0.639,0.4445578226239989
peak_rust_pct,RandomForest,leave_one_campaign_out_0,S4SAVF01-20220609-3W,0.588,0.37989541371808994
peak_rust_pct,RandomForest,leave_one_campaign_out_0,S4SAVF01-20220616-4W,0.166,0.15042103818942182
peak_rust_pct,RandomForest,leave_one_campaign_out_0,S4SAVF01-20220623-5W,0.19,0.18279814715318293
peak_rust_pct,RandomForest,leave_one_campaign_out_0,S4SAVF01-20220630-6W,0.397,0.321399253281359
peak_rust_pct,RandomForest,leave_one_campaign_out_0,S4SAVF01-20220708-7W,0.311,0.2354684500223873
peak_rust_pct,RandomForest,leave_one_campaign_out_0,S4SAVF01-20220714-8W,0.337,0.280780961896219
peak_rust_pct,RandomForest,leave_one_campaign_out_0,S4SAVF01-20220721-9W,0.289,0.19723546616325527
peak_rust_pct,RandomForest,leave_one_campaign_out_0,S4SAVF01-20220802-10W,0.467,0.2863206259655376
peak_rust_pct,RandomForest,leave_one_campaign_out_0,S4SAVF01-20220822-13W,0.272,0.2575421119291927
peak_rust_pct,RandomForest,leave_one_campaign_out_0,S4SAVF01-20220906-15W,1.569,1.3359138862433861
peak_rust_pct,RandomForest,leave_one_campaign_out_0,S4SAVF01-20221102-24W,12.136,16.09959825419677
peak_rust_pct,RandomForest,leave_one_campaign_out_0,S4SAVF01-20221110-25W,7.668,10.635976953085704
peak_rust_pct,RandomForest,leave_one_campaign_out_0,S4SAVF01-20221206-28W,17.893,18.69253447356039
peak_rust_pct,RandomForest,leave_one_campaign_out_0,S4SAVF02-20220518-0W,0.009,0.00797008639412722
peak_rust_pct,RandomForest,leave_one_campaign_out_0,S4SAVF02-20220603-2W,0.007,0.0040247741375982775
peak_rust_pct,RandomForest,leave_one_campaign_out_0,S4SAVF02-20220609-3W,0.01,0.010278388212144975
peak_rust_pct,RandomForest,leave_one_campaign_out_0,S4SAVF02-20220616-4W,0.015,0.018155177739620987
peak_rust_pct,RandomForest,leave_one_campaign_out_0,S4SAVF02-20220623-5W,0.017,0.022471898549219854
peak_rust_pct,RandomForest,leave_one_campaign_out_0,S4SAVF02-20220630-6W,0.016,0.022260355078861455
peak_rust_pct,RandomForest,leave_one_campaign_out_0,S4SAVF02-20220708-7W,0.016,0.026693586228595568
peak_rust_pct,RandomForest,leave_one_campaign_out_0,S4SAVF02-20220714-8W,0.023,0.02729710032828731
peak_rust_pct,RandomForest,leave_one_campaign_out_0,S4SAVF02-20220721-9W,0.015,0.026265627357319188
peak_rust_pct,RandomForest,leave_one_campaign_out_0,S4SAVF02-20220802-10W,0.011,0.03838545682997401
peak_rust_pct,RandomForest,leave_one_campaign_out_0,S4SAVF02-20220822-13W,0.027,0.030759802194180282
peak_rust_pct,RandomForest,leave_one_campaign_out_0,S4SAVF02-20220906-15W,0.035,0.21579505199239762
peak_rust_pct,RandomForest,leave_one_campaign_out_0,S4SAVF02-20221102-24W,4.497,4.22181757159072
peak_rust_pct,RandomForest,leave_one_campaign_out_0,S4SAVF02-20221110-25W,3.417,3.73929789794967
peak_rust_pct,RandomForest,leave_one_campaign_out_0,S4SAVF02-20221206-28W,17.553,16.377442277302215
peak_rust_pct,RandomForest,leave_one_campaign_out_0,S4SAVF03-20220518-0W,0.002,0.002013501675889522
peak_rust_pct,RandomForest,leave_one_campaign_out_0,S4SAVF03-20220603-2W,0.034,0.041133356030592774
peak_rust_pct,RandomForest,leave_one_campaign_out_0,S4SAVF03-20220609-3W,0.197,0.23169981846617424
peak_rust_pct,RandomForest,leave_one_campaign_out_0,S4SAVF03-20220616-4W,0.301,0.3361074373815183
peak_rust_pct,RandomForest,leave_one_campaign_out_0,S4SAVF03-20220623-5W,0.217,0.3630532002667811
peak_rust_pct,RandomForest,leave_one_campaign_out_0,S4SAVF03-20220630-6W,0.483,0.8513891428571421
peak_rust_pct,RandomForest,leave_one_campaign_out_0,S4SAVF03-20220708-7W,1.196,1.3051410595238093
peak_rust_pct,RandomForest,leave_one_campaign_out_0,S4SAVF03-20220714-8W,0.667,0.9255257976190465
peak_rust_pct,RandomForest,leave_one_campaign_out_0,S4SAVF03-20220721-9W,1.45,1.3874353902116399
peak_rust_pct,RandomForest,leave_one_campaign_out_0,S4SAVF03-20220802-10W,1.525,2.0299020031820043
peak_rust_pct,RandomForest,leave_one_campaign_out_0,S4SAVF03-20220822-13W,1.192,1.490029834656085
peak_rust_pct,RandomForest,leave_one_campaign_out_0,S4SAVF03-20220906-15W,3.886,5.410318324189944
peak_rust_pct,RandomForest,leave_one_campaign_out_0,S4SAVF03-20221102-24W,34.298,37.5967833531746
peak_rust_pct,RandomForest,leave_one_campaign_out_0,S4SAVF03-20221110-25W,30.759,33.45281963492064
peak_rust_pct,RandomForest,leave_one_campaign_out_0,S4SAVF03-20221206-28W,40.878,39.52697565476191
peak_rust_pct,RandomForest,leave_one_campaign_out_0,S5VF01-20220518-0W,0.24,0.2747654094440961
peak_rust_pct,RandomForest,leave_one_campaign_out_0,S5VF01-20220603-2W,0.218,0.25661390123498495
peak_rust_pct,RandomForest,leave_one_campaign_out_0,S5VF01-20220609-3W,0.288,0.3167238487814472
peak_rust_pct,RandomForest,leave_one_campaign_out_0,S5VF01-20220616-4W,0.226,0.24774023395074418
peak_rust_pct,RandomForest,leave_one_campaign_out_0,S5VF01-20220623-5W,0.293,1.54183071031746
peak_rust_pct,RandomForest,leave_one_campaign_out_0,S5VF01-20220630-6W,0.62,1.6996924126984128
peak_rust_pct,RandomForest,leave_one_campaign_out_0,S5VF01-20220708-7W,0.738,1.266198720899471
peak_rust_pct,RandomForest,leave_one_campaign_out_0,S5VF01-20220714-8W,1.93,2.1726059807276057
peak_rust_pct,RandomForest,leave_one_campaign_out_0,S5VF01-20220721-9W,1.851,2.388557119255744
peak_rust_pct,RandomForest,leave_one_campaign_out_0,S5VF01-20220802-10W,2.83,3.316218180344981
peak_rust_pct,RandomForest,leave_one_campaign_out_0,S5VF01-20220822-13W,1.542,2.0779530762894534
peak_rust_pct,RandomForest,leave_one_campaign_out_0,S5VF01-20220906-15W,5.924,7.545232889865037
peak_rust_pct,RandomForest,leave_one_campaign_out_0,S5VF01-20221102-24W,16.103,24.21853967677969
peak_rust_pct,RandomForest,leave_one_campaign_out_0,S5VF01-20221110-25W,18.68,24.741018688633577
peak_rust_pct,RandomForest,leave_one_campaign_out_0,S5VF01-20221206-28W,22.584,38.087898776455035
peak_rust_pct,RandomForest,leave_one_campaign_out_0,S5VF02-20220518-0W,0.246,0.15542900164862053
peak_rust_pct,RandomForest,leave_one_campaign_out_0,S5VF02-20220603-2W,0.202,0.1410008549471013
peak_rust_pct,RandomForest,leave_one_campaign_out_0,S5VF02-20220609-3W,0.613,0.4501423820275584
peak_rust_pct,RandomForest,leave_one_campaign_out_0,S5VF02-20220616-4W,0.186,0.10412537394692396
peak_rust_pct,RandomForest,leave_one_campaign_out_0,S5VF02-20220623-5W,0.742,0.4942429437898705
peak_rust_pct,RandomForest,leave_one_campaign_out_0,S5VF02-20220630-6W,0.787,0.5073783792155557
peak_rust_pct,RandomForest,leave_one_campaign_out_0,S5VF02-20220708-7W,0.808,0.5753854180563445
peak_rust_pct,RandomForest,leave_one_campaign_out_0,S5VF02-20220714-8W,0.497,0.47011096701664334
peak_rust_pct,RandomForest,leave_one_campaign_out_0,S5VF02-20220721-9W,2.117,1.28280255026455
peak_rust_pct,RandomForest,leave_one_campaign_out_0,S5VF02-20220802-10W,2.388,2.2273531988798236
peak_rust_pct,RandomForest,leave_one_campaign_out_0,S5VF02-20220822-13W,3.904,2.88229230032903
peak_rust_pct,RandomForest,leave_one_campaign_out_0,S5VF02-20220906-15W,10.176,7.863212260004159
peak_rust_pct,RandomForest,leave_one_campaign_out_0,S5VF02-20221102-24W,23.949,28.344123849206348
peak_rust_pct,RandomForest,leave_one_campaign_out_0,S5VF02-20221110-25W,21.715,21.791955946716154
peak_rust_pct,RandomForest,leave_one_campaign_out_0,S5VF02-20221206-28W,36.175,39.4363112910053
peak_rust_pct,RandomForest,leave_one_campaign_out_0,S5VF03-20220518-0W,0.313,0.25297236524532085
peak_rust_pct,RandomForest,leave_one_campaign_out_0,S5VF03-20220603-2W,0.012,0.020546825508170947
peak_rust_pct,RandomForest,leave_one_campaign_out_0,S5VF03-20220609-3W,0.047,0.1031578019104646
peak_rust_pct,RandomForest,leave_one_campaign_out_0,S5VF03-20220616-4W,0.001,0.0007510579581727629
peak_rust_pct,RandomForest,leave_one_campaign_out_0,S5VF03-20220623-5W,0.033,0.044063536042141825
peak_rust_pct,RandomForest,leave_one_campaign_out_0,S5VF03-20220630-6W,0.015,0.03060315806524135
peak_rust_pct,RandomForest,leave_one_campaign_out_0,S5VF03-20220708-7W,0.04,0.09166657642925649
peak_rust_pct,RandomForest,leave_one_campaign_out_0,S5VF03-20220714-8W,0.063,0.07186636477388067
peak_rust_pct,RandomForest,leave_one_campaign_out_0,S5VF03-20220721-9W,0.4,0.39871556647524564
peak_rust_pct,RandomForest,leave_one_campaign_out_0,S5VF03-20220802-10W,0.164,0.08201630506356167
peak_rust_pct,RandomForest,leave_one_campaign_out_0,S5VF03-20220822-13W,0.025,0.03249490403051905
peak_rust_pct,RandomForest,leave_one_campaign_out_0,S5VF03-20220906-15W,0.469,0.4201737002627544
peak_rust_pct,RandomForest,leave_one_campaign_out_0,S5VF03-20221102-24W,15.151,16.05782625003538
peak_rust_pct,RandomForest,leave_one_campaign_out_0,S5VF03-20221110-25W,9.684,10.435660908361326
peak_rust_pct,RandomForest,leave_one_campaign_out_0,S5VF03-20221206-28W,23.476,21.91685961539849
peak_rust_pct,RandomForest,leave_one_campaign_out_1,D01-20240110-0W,0.02,0.023397309105942732
peak_rust_pct,RandomForest,leave_one_campaign_out_1,D01-20240124-2W,0.0,0.02584541266938061
peak_rust_pct,RandomForest,leave_one_campaign_out_1,D01-20240207-4W,0.022,0.025187908392320275
peak_rust_pct,RandomForest,leave_one_campaign_out_1,D01-20240221-6W,0.004,0.023279303354069334
peak_rust_pct,RandomForest,leave_one_campaign_out_1,D01-20240306-8W,0.403,0.42721891345206253
peak_rust_pct,RandomForest,leave_one_campaign_out_1,D01-20240320-10W,2.658,3.1661799629629597
peak_rust_pct,RandomForest,leave_one_campaign_out_1,D01-20240405-12W,1.274,1.5250643341786447
peak_rust_pct,RandomForest,leave_one_campaign_out_1,D01-20240417-14W,3.268,3.2985759788359768
peak_rust_pct,RandomForest,leave_one_campaign_out_1,D01-20240508-17W,3.822,4.958570656084653
peak_rust_pct,RandomForest,leave_one_campaign_out_1,D01-20240522-19W,3.254,3.7822241533374017
peak_rust_pct,RandomForest,leave_one_campaign_out_1,D01-20240529-20W,3.522,3.072217677248676
peak_rust_pct,RandomForest,leave_one_campaign_out_1,D01-20240619-23W,4.321,5.148221329365079
peak_rust_pct,RandomForest,leave_one_campaign_out_1,D01-20240626-24W,5.895,5.8221201167628625
peak_rust_pct,RandomForest,leave_one_campaign_out_1,D01-20240710-26W,3.882,3.5736947475949963
peak_rust_pct,RandomForest,leave_one_campaign_out_1,D01-20240724-28W,6.289,7.708646724867727
peak_rust_pct,RandomForest,leave_one_campaign_out_1,D01-20240807-30W,2.262,3.7477609986772467
peak_rust_pct,RandomForest,leave_one_campaign_out_1,D01-20240902-33W,3.674,5.640520432539681
peak_rust_pct,RandomForest,leave_one_campaign_out_1,D01-20240918-36W,2.94,3.5928051232563702
peak_rust_pct,RandomForest,leave_one_campaign_out_1,D02-20240110-0W,0.165,0.17954498123854934
peak_rust_pct,RandomForest,leave_one_campaign_out_1,D02-20240124-2W,0.003,0.02499045656098952
peak_rust_pct,RandomForest,leave_one_campaign_out_1,D02-20240207-4W,0.175,0.16453828531677436
peak_rust_pct,RandomForest,leave_one_campaign_out_1,D02-20240221-6W,0.11,0.12686625867859397
peak_rust_pct,RandomForest,leave_one_campaign_out_1,D02-20240306-8W,2.289,2.810571785714285
peak_rust_pct,RandomForest,leave_one_campaign_out_1,D02-20240320-10W,9.196,8.462869784391533
peak_rust_pct,RandomForest,leave_one_campaign_out_1,D02-20240405-12W,8.748,7.670592071428574
peak_rust_pct,RandomForest,leave_one_campaign_out_1,D02-20240417-14W,11.309,9.21051148280423
peak_rust_pct,RandomForest,leave_one_campaign_out_1,D02-20240508-17W,7.396,8.427454772486772
peak_rust_pct,RandomForest,leave_one_campaign_out_1,D02-20240522-19W,9.743,9.212743808201052
peak_rust_pct,RandomForest,leave_one_campaign_out_1,D02-20240529-20W,2.048,3.23542621993747
peak_rust_pct,RandomForest,leave_one_campaign_out_1,D02-20240619-23W,14.71,12.599471867484356
peak_rust_pct,RandomForest,leave_one_campaign_out_1,D02-20240626-24W,13.94,12.309541751082248
peak_rust_pct,RandomForest,leave_one_campaign_out_1,D02-20240710-26W,3.319,3.5332720241702744
peak_rust_pct,RandomForest,leave_one_campaign_out_1,D02-20240724-28W,12.981,12.195150687590186
peak_rust_pct,RandomForest,leave_one_campaign_out_1,D02-20240807-30W,1.226,1.3825104746274932
peak_rust_pct,RandomForest,leave_one_campaign_out_1,D02-20240902-33W,10.114,9.329368788359783
peak_rust_pct,RandomForest,leave_one_campaign_out_1,D02-20240918-36W,5.501,3.8605447943722946
peak_rust_pct,RandomForest,leave_one_campaign_out_1,D03-20240110-0W,0.0,0.025250739389272345
peak_rust_pct,RandomForest,leave_one_campaign_out_1,D03-20240124-2W,0.0,0.02474108859562155
peak_rust_pct,RandomForest,leave_one_campaign_out_1,D03-20240207-4W,0.053,0.04473963387152678
peak_rust_pct,RandomForest,leave_one_campaign_out_1,D03-20240221-6W,0.0,0.02508788041491337
peak_rust_pct,RandomForest,leave_one_campaign_out_1,D03-20240306-8W,0.181,0.18491427185551698
peak_rust_pct,RandomForest,leave_one_campaign_out_1,D03-20240320-10W,0.55,0.6965797133877515
peak_rust_pct,RandomForest,leave_one_campaign_out_1,D03-20240405-12W,0.001,0.026005217956685898
peak_rust_pct,RandomForest,leave_one_campaign_out_1,D03-20240417-14W,0.327,0.2911901457405846
peak_rust_pct,RandomForest,leave_one_campaign_out_1,D03-20240508-17W,0.146,0.14025816914515274
peak_rust_pct,RandomForest,leave_one_campaign_out_1,D03-20240522-19W,0.251,0.16778809425044738
peak_rust_pct,RandomForest,leave_one_campaign_out_1,D03-20240529-20W,0.091,0.10887164241254671
peak_rust_pct,RandomForest,leave_one_campaign_out_1,D03-20240619-23W,0.339,0.30269010762858595
peak_rust_pct,RandomForest,leave_one_campaign_out_1,D03-20240626-24W,0.562,0.6314842230040376
peak_rust_pct,RandomForest,leave_one_campaign_out_1,D03-20240710-26W,0.5,0.47875096952104096
peak_rust_pct,RandomForest,leave_one_campaign_out_1,D03-20240724-28W,0.28,0.21515348506277068
peak_rust_pct,RandomForest,leave_one_campaign_out_1,D03-20240807-30W,0.05,0.05641295731043219
peak_rust_pct,RandomForest,leave_one_campaign_out_1,D03-20240902-33W,0.207,0.15186179202277394
peak_rust_pct,RandomForest,leave_one_campaign_out_1,D03-20240918-36W,0.177,0.14894544155965853
peak_rust_pct,RandomForest,leave_one_campaign_out_1,D04-20240110-0W,0.647,0.8791836565247722
peak_rust_pct,RandomForest,leave_one_campaign_out_1,D04-20240124-2W,0.021,0.02593237249224497
peak_rust_pct,RandomForest,leave_one_campaign_out_1,D04-20240207-4W,1.319,1.8366213754625043
peak_rust_pct,RandomForest,leave_one_campaign_out_1,D04-20240221-6W,1.79,2.362540735856908
peak_rust_pct,RandomForest,leave_one_campaign_out_1,D04-20240306-8W,5.959,5.067304195665442
peak_rust_pct,RandomForest,leave_one_campaign_out_1,D04-20240320-10W,32.852,27.35560945767195
peak_rust_pct,RandomForest,leave_one_campaign_out_1,D04-20240405-12W,38.983,38.22311236904763
peak_rust_pct,RandomForest,leave_one_campaign_out_1,D04-20240417-14W,74.277,49.43692783597883
peak_rust_pct,RandomForest,leave_one_campaign_out_1,D04-20240508-17W,54.728,48.31893188095238
peak_rust_pct,RandomForest,leave_one_campaign_out_1,D04-20240522-19W,69.547,50.908506492063495
peak_rust_pct,RandomForest,leave_one_campaign_out_1,D04-20240529-20W,40.439,34.555285776455015
peak_rust_pct,RandomForest,leave_one_campaign_out_1,D04-20240619-23W,78.864,51.1575186031746
peak_rust_pct,RandomForest,leave_one_campaign_out_1,D04-20240626-24W,80.172,50.943641214285705
peak_rust_pct,RandomForest,leave_one_campaign_out_1,D04-20240710-26W,57.442,49.87609206349208
peak_rust_pct,RandomForest,leave_one_campaign_out_1,D04-20240724-28W,70.304,50.78284221428571
peak_rust_pct,RandomForest,leave_one_campaign_out_1,D04-20240807-30W,27.742,23.13029048809523
peak_rust_pct,RandomForest,leave_one_campaign_out_1,D04-20240902-33W,58.943,46.82635002645501
peak_rust_pct,RandomForest,leave_one_campaign_out_1,D04-20240918-36W,57.293,47.31449834126987
peak_rust_pct,RandomForest,leave_one_campaign_out_1,D05-20240110-0W,0.0,0.02504918383371679
peak_rust_pct,RandomForest,leave_one_campaign_out_1,D05-20240124-2W,0.0,0.02584541266938061
peak_rust_pct,RandomForest,leave_one_campaign_out_1,D05-20240207-4W,0.863,0.8590047074150174
peak_rust_pct,RandomForest,leave_one_campaign_out_1,D05-20240221-6W,0.44,0.44749534035906824
peak_rust_pct,RandomForest,leave_one_campaign_out_1,D05-20240306-8W,13.594,11.74489316005291
peak_rust_pct,RandomForest,leave_one_campaign_out_1,D05-20240320-10W,21.944,24.320091156084647
peak_rust_pct,RandomForest,leave_one_campaign_out_1,D05-20240405-12W,23.553,25.82050691005289
peak_rust_pct,RandomForest,leave_one_campaign_out_1,D05-20240417-14W,26.627,29.6553121679894
peak_rust_pct,RandomForest,leave_one_campaign_out_1,D05-20240508-17W,30.585,31.69454009656084
peak_rust_pct,RandomForest,leave_one_campaign_out_1,D05-20240522-19W,27.274,29.690601464285695
peak_rust_pct,RandomForest,leave_one_campaign_out_1,D05-20240529-20W,17.67,16.454686968253956
peak_rust_pct,RandomForest,leave_one_campaign_out_1,D05-20240619-23W,37.744,38.66996320105818
peak_rust_pct,RandomForest,leave_one_campaign_out_1,D05-20240626-24W,33.569,32.01742481349206
peak_rust_pct,RandomForest,leave_one_campaign_out_1,D05-20240710-26W,31.381,30.556217033068776
peak_rust_pct,RandomForest,leave_one_campaign_out_1,D05-20240724-28W,37.567,38.53670514153439
peak_rust_pct,RandomForest,leave_one_campaign_out_1,D05-20240807-30W,26.178,27.929897123015877
peak_rust_pct,RandomForest,leave_one_campaign_out_1,D05-20240902-33W,36.033,35.89014380423278
peak_rust_pct,RandomForest,leave_one_campaign_out_1,D05-20240918-36W,28.079,25.862367059523798
peak_rust_pct,RandomForest,leave_one_campaign_out_1,D06-20240110-0W,0.026,0.02272324957210998
peak_rust_pct,RandomForest,leave_one_campaign_out_1,D06-20240124-2W,0.003,0.022324092923203327
peak_rust_pct,RandomForest,leave_one_campaign_out_1,D06-20240207-4W,1.59,1.7453578865313242
peak_rust_pct,RandomForest,leave_one_campaign_out_1,D06-20240221-6W,0.831,0.9371743608229074
peak_rust_pct,RandomForest,leave_one_campaign_out_1,D06-20240306-8W,6.553,5.92836507142857
peak_rust_pct,RandomForest,leave_one_campaign_out_1,D06-20240320-10W,10.263,8.905566615079364
peak_rust_pct,RandomForest,leave_one_campaign_out_1,D06-20240405-12W,11.282,8.972031892857137
peak_rust_pct,RandomForest,leave_one_campaign_out_1,D06-20240417-14W,14.223,12.710776581770073
peak_rust_pct,RandomForest,leave_one_campaign_out_1,D06-20240508-17W,16.56,14.238858789442023
peak_rust_pct,RandomForest,leave_one_campaign_out_1,D06-20240522-19W,16.37,14.648960564574299
peak_rust_pct,RandomForest,leave_one_campaign_out_1,D06-20240529-20W,3.887,4.291119984385981
peak_rust_pct,RandomForest,leave_one_campaign_out_1,D06-20240619-23W,18.332,18.855836018278
peak_rust_pct,RandomForest,leave_one_campaign_out_1,D06-20240626-24W,24.66,27.00555969973544
peak_rust_pct,RandomForest,leave_one_campaign_out_1,D06-20240710-26W,21.637,26.150240067460313
peak_rust_pct,RandomForest,leave_one_campaign_out_1,D06-20240724-28W,32.292,31.256402283068777
peak_rust_pct,RandomForest,leave_one_campaign_out_1,D06-20240807-30W,18.986,21.06235671897547
peak_rust_pct,RandomForest,leave_one_campaign_out_1,D06-20240902-33W,22.396,25.82481929894179
peak_rust_pct,RandomForest,leave_one_campaign_out_1,D06-20240918-36W,23.086,28.289039496031727
peak_rust_pct,RandomForest,leave_one_campaign_out_1,E01-20240110-0W,0.001,0.021724538831562282
peak_rust_pct,RandomForest,leave_one_campaign_out_1,E01-20240124-2W,0.0,0.024905832455484337
peak_rust_pct,RandomForest,leave_one_campaign_out_1,E01-20240207-4W,0.003,0.021967814537337985
peak_rust_pct,RandomForest,leave_one_campaign_out_1,E01-20240221-6W,0.324,0.35681986803534066
peak_rust_pct,RandomForest,leave_one_campaign_out_1,E01-20240306-8W,5.279,2.9125614698412687
peak_rust_pct,RandomForest,leave_one_campaign_out_1,E01-20240320-10W,8.392,6.049949583333329
peak_rust_pct,RandomForest,leave_one_campaign_out_1,E01-20240405-12W,8.614,7.310462886363638
peak_rust_pct,RandomForest,leave_one_campaign_out_1,E01-20240417-14W,9.167,7.810632432539682
peak_rust_pct,RandomForest,leave_one_campaign_out_1,E01-20240522-19W,4.038,4.888901245929996
peak_rust_pct,RandomForest,leave_one_campaign_out_1,E01-20240529-20W,3.463,3.633429132275133
peak_rust_pct,RandomForest,leave_one_campaign_out_1,E01-20240619-23W,12.751,9.181617842592592
peak_rust_pct,RandomForest,leave_one_campaign_out_1,E01-20240626-24W,16.553,12.700173825396822
peak_rust_pct,RandomForest,leave_one_campaign_out_1,E01-20240710-26W,8.568,8.992136063492065
peak_rust_pct,RandomForest,leave_one_campaign_out_1,E01-20240724-28W,10.519,11.557913605820106
peak_rust_pct,RandomForest,leave_one_campaign_out_1,E01-20240807-30W,10.371,11.560513708994703
peak_rust_pct,RandomForest,leave_one_campaign_out_1,E01-20240902-33W,9.995,8.91106558597883
peak_rust_pct,RandomForest,leave_one_campaign_out_1,E01-20240918-36W,8.301,8.51103899074074
peak_rust_pct,RandomForest,leave_one_campaign_out_1,E02-20240110-0W,0.163,0.2488318871195167
peak_rust_pct,RandomForest,leave_one_campaign_out_1,E02-20240124-2W,0.034,0.031586855410134354
peak_rust_pct,RandomForest,leave_one_campaign_out_1,E02-20240207-4W,0.256,0.3981145707219333
peak_rust_pct,RandomForest,leave_one_campaign_out_1,E02-20240221-6W,0.247,0.34182103593259483
peak_rust_pct,RandomForest,leave_one_campaign_out_1,E02-20240306-8W,2.34,3.2142691080031076
peak_rust_pct,RandomForest,leave_one_campaign_out_1,E02-20240320-10W,6.681,8.43023021428571
peak_rust_pct,RandomForest,leave_one_campaign_out_1,E02-20240405-12W,8.832,9.63944169708994
peak_rust_pct,RandomForest,leave_one_campaign_out_1,E02-20240417-14W,8.997,10.289167776455018
peak_rust_pct,RandomForest,leave_one_campaign_out_1,E02-20240508-17W,9.583,8.99089112698412
peak_rust_pct,RandomForest,leave_one_campaign_out_1,E02-20240522-19W,12.907,12.960470479918222
peak_rust_pct,RandomForest,leave_one_campaign_out_1,E02-20240529-20W,7.506,6.868159059523808
peak_rust_pct,RandomForest,leave_one_campaign_out_1,E02-20240619-23W,14.389,12.961403225949965
peak_rust_pct,RandomForest,leave_one_campaign_out_1,E02-20240626-24W,13.374,12.96993812277536
peak_rust_pct,RandomForest,leave_one_campaign_out_1,E02-20240710-26W,11.844,10.936032343915338
peak_rust_pct,RandomForest,leave_one_campaign_out_1,E02-20240724-28W,18.882,18.978439028499277
peak_rust_pct,RandomForest,leave_one_campaign_out_1,E02-20240807-30W,13.017,12.529678812169303
peak_rust_pct,RandomForest,leave_one_campaign_out_1,E02-20240902-33W,14.26,13.112912994708978
peak_rust_pct,RandomForest,leave_one_campaign_out_1,E02-20240918-36W,6.874,6.78707457539683
peak_rust_pct,RandomForest,leave_one_campaign_out_1,E03-20240110-0W,0.054,0.04042070039669198
peak_rust_pct,RandomForest,leave_one_campaign_out_1,E03-20240124-2W,0.027,0.02872108487618276
peak_rust_pct,RandomForest,leave_one_campaign_out_1,E03-20240207-4W,0.438,0.618215334977047
peak_rust_pct,RandomForest,leave_one_campaign_out_1,E03-20240221-6W,0.454,0.6770074016855994
peak_rust_pct,RandomForest,leave_one_campaign_out_1,E03-20240306-8W,4.575,3.7462150042272553
peak_rust_pct,RandomForest,leave_one_campaign_out_1,E03-20240320-10W,7.998,9.218691773809523
peak_rust_pct,RandomForest,leave_one_campaign_out_1,E03-20240405-12W,12.256,11.088925931216938
peak_rust_pct,RandomForest,leave_one_campaign_out_1,E03-20240417-14W,14.333,13.911706476190465
peak_rust_pct,RandomForest,leave_one_campaign_out_1,E03-20240508-17W,5.163,5.936784567460319
peak_rust_pct,RandomForest,leave_one_campaign_out_1,E03-20240522-19W,17.309,17.73226528679652
peak_rust_pct,RandomForest,leave_one_campaign_out_1,E03-20240529-20W,11.366,10.519519054232806
peak_rust_pct,RandomForest,leave_one_campaign_out_1,E03-20240619-23W,16.466,19.675580876743616
peak_rust_pct,RandomForest,leave_one_campaign_out_1,E03-20240626-24W,15.967,15.553499494468493
peak_rust_pct,RandomForest,leave_one_campaign_out_1,E03-20240710-26W,13.106,13.043735603174598
peak_rust_pct,RandomForest,leave_one_campaign_out_1,E03-20240724-28W,24.916,28.6962288227513
peak_rust_pct,RandomForest,leave_one_campaign_out_1,E03-20240807-30W,17.411,15.806157248677236
peak_rust_pct,RandomForest,leave_one_campaign_out_1,E03-20240902-33W,20.551,24.897749777777776
peak_rust_pct,RandomForest,leave_one_campaign_out_1,E03-20240918-36W,13.262,12.03000349074074
peak_rust_pct,RandomForest,leave_one_campaign_out_1,E04-20240110-0W,0.0,0.024757347606999488
peak_rust_pct,RandomForest,leave_one_campaign_out_1,E04-20240124-2W,0.0,0.02584541266938061
peak_rust_pct,RandomForest,leave_one_campaign_out_1,E04-20240207-4W,0.01,0.023084310772347648
peak_rust_pct,RandomForest,leave_one_campaign_out_1,E04-20240221-6W,0.0,0.025884109250577193
peak_rust_pct,RandomForest,leave_one_campaign_out_1,E04-20240306-8W,3.29,2.705820476013265
peak_rust_pct,RandomForest,leave_one_campaign_out_1,E04-20240320-10W,4.877,3.529975891895142
peak_rust_pct,RandomForest,leave_one_campaign_out_1,E04-20240405-12W,4.187,3.326909788720536
peak_rust_pct,RandomForest,leave_one_campaign_out_1,E04-20240417-14W,3.972,3.3805125129870146
peak_rust_pct,RandomForest,leave_one_campaign_out_1,E04-20240508-17W,7.171,8.182087412698413
peak_rust_pct,RandomForest,leave_one_campaign_out_1,E04-20240522-19W,3.973,3.5570115897065904
peak_rust_pct,RandomForest,leave_one_campaign_out_1,E04-20240529-20W,1.244,1.0843530443525415
peak_rust_pct,RandomForest,leave_one_campaign_out_1,E04-20240619-23W,9.748,8.766077562169311
peak_rust_pct,RandomForest,leave_one_campaign_out_1,E04-20240626-24W,14.999,11.495542280423278
peak_rust_pct,RandomForest,leave_one_campaign_out_1,E04-20240710-26W,6.255,5.7359220686813215
peak_rust_pct,RandomForest,leave_one_campaign_out_1,E04-20240724-28W,14.482,12.976294216931212
peak_rust_pct,RandomForest,leave_one_campaign_out_1,E04-20240807-30W,14.154,14.484550916666652
peak_rust_pct,RandomForest,leave_one_campaign_out_1,E04-20240902-33W,13.221,14.88137775396824
peak_rust_pct,RandomForest,leave_one_campaign_out_1,E04-20240918-36W,6.458,8.542377074074071
peak_rust_pct,RandomForest,leave_one_campaign_out_1,E05-20240110-0W,0.158,0.16623738200981855
peak_rust_pct,RandomForest,leave_one_campaign_out_1,E05-20240124-2W,0.0,0.024743966442412443
peak_rust_pct,RandomForest,leave_one_campaign_out_1,E05-20240207-4W,0.061,0.09643078008646046
peak_rust_pct,RandomForest,leave_one_campaign_out_1,E05-20240221-6W,0.072,0.06253629861845923
peak_rust_pct,RandomForest,leave_one_campaign_out_1,E05-20240306-8W,0.705,0.8049669822816757
peak_rust_pct,RandomForest,leave_one_campaign_out_1,E05-20240320-10W,4.386,4.225957749999997
peak_rust_pct,RandomForest,leave_one_campaign_out_1,E05-20240405-12W,3.815,2.46197875110075
peak_rust_pct,RandomForest,leave_one_campaign_out_1,E05-20240417-14W,11.503,8.457108109788361
peak_rust_pct,RandomForest,leave_one_campaign_out_1,E05-20240508-17W,9.927,8.296772966931222
peak_rust_pct,RandomForest,leave_one_campaign_out_1,E05-20240522-19W,14.435,9.961854277777775
peak_rust_pct,RandomForest,leave_one_campaign_out_1,E05-20240529-20W,11.526,8.297682527777777
peak_rust_pct,RandomForest,leave_one_campaign_out_1,E05-20240619-23W,9.93,8.305423879629634
peak_rust_pct,RandomForest,leave_one_campaign_out_1,E05-20240626-24W,17.046,12.780441902116397
peak_rust_pct,RandomForest,leave_one_campaign_out_1,E05-20240710-26W,8.547,7.224817899470901
peak_rust_pct,RandomForest,leave_one_campaign_out_1,E05-20240724-28W,16.603,12.400778332010578
peak_rust_pct,RandomForest,leave_one_campaign_out_1,E05-20240807-30W,14.413,11.78916218518518
peak_rust_pct,RandomForest,leave_one_campaign_out_1,E05-20240902-33W,11.288,8.719168871693114
peak_rust_pct,RandomForest,leave_one_campaign_out_1,E05-20240918-36W,9.393,8.580143134920638
peak_rust_pct,RandomForest,leave_one_campaign_out_1,E06-20240110-0W,0.248,0.24280305201552446
peak_rust_pct,RandomForest,leave_one_campaign_out_1,E06-20240124-2W,0.0,0.02584541266938061
peak_rust_pct,RandomForest,leave_one_campaign_out_1,E06-20240207-4W,0.011,0.02273467994729035
peak_rust_pct,RandomForest,leave_one_campaign_out_1,E06-20240221-6W,0.009,0.02324789871390386
peak_rust_pct,RandomForest,leave_one_campaign_out_1,E06-20240306-8W,0.179,0.1749421401968189
peak_rust_pct,RandomForest,leave_one_campaign_out_1,E06-20240320-10W,0.253,0.2797229010960978
peak_rust_pct,RandomForest,leave_one_campaign_out_1,E06-20240405-12W,0.41,0.4430454763738739
peak_rust_pct,RandomForest,leave_one_campaign_out_1,E06-20240417-14W,0.462,0.45518622205640885
peak_rust_pct,RandomForest,leave_one_campaign_out_1,E06-20240508-17W,0.521,0.6097049331984905
peak_rust_pct,RandomForest,leave_one_campaign_out_1,E06-20240522-19W,10.422,10.436344760582006
peak_rust_pct,RandomForest,leave_one_campaign_out_1,E06-20240529-20W,5.616,6.105191374338623
peak_rust_pct,RandomForest,leave_one_campaign_out_1,E06-20240619-23W,10.118,9.1466661984127
peak_rust_pct,RandomForest,leave_one_campaign_out_1,E06-20240626-24W,13.948,13.483806879629622
peak_rust_pct,RandomForest,leave_one_campaign_out_1,E06-20240710-26W,7.553,8.642013805555559
peak_rust_pct,RandomForest,leave_one_campaign_out_1,E06-20240724-28W,11.835,12.132868783068783
peak_rust_pct,RandomForest,leave_one_campaign_out_1,E06-20240807-30W,6.964,7.81454696693122
peak_rust_pct,RandomForest,leave_one_campaign_out_1,E06-20240902-33W,14.481,14.374752615079348
peak_rust_pct,RandomForest,leave_one_campaign_out_1,E06-20240918-36W,8.772,9.185823927248675
peak_rust_pct,RandomForest,leave_one_campaign_out_1,F01-20240110-0W,0.001,0.02434985842951031
peak_rust_pct,RandomForest,leave_one_campaign_out_1,F01-20240124-2W,0.0,0.024743966442412443
peak_rust_pct,RandomForest,leave_one_campaign_out_1,F01-20240207-4W,0.007,0.023588120448052065
peak_rust_pct,RandomForest,leave_one_campaign_out_1,F01-20240221-6W,0.0,0.0250246156167675
peak_rust_pct,RandomForest,leave_one_campaign_out_1,F01-20240306-8W,0.0,0.025884109250577193
peak_rust_pct,RandomForest,leave_one_campaign_out_1,F01-20240320-10W,0.838,0.9555282249683188
peak_rust_pct,RandomForest,leave_one_campaign_out_1,F01-20240405-12W,0.212,0.21350002338352553
peak_rust_pct,RandomForest,leave_one_campaign_out_1,F01-20240417-14W,1.637,2.1275254836053468
peak_rust_pct,RandomForest,leave_one_campaign_out_1,F01-20240508-17W,0.372,0.4819163890979663
peak_rust_pct,RandomForest,leave_one_campaign_out_1,F01-20240522-19W,2.917,3.449518162957413
peak_rust_pct,RandomForest,leave_one_campaign_out_1,F01-20240529-20W,0.527,0.5449501364611622
peak_rust_pct,RandomForest,leave_one_campaign_out_1,F01-20240619-23W,3.361,3.491380189773193
peak_rust_pct,RandomForest,leave_one_campaign_out_1,F01-20240626-24W,4.02,3.478779333953085
peak_rust_pct,RandomForest,leave_one_campaign_out_1,F01-20240710-26W,2.84,3.3847864899174938
peak_rust_pct,RandomForest,leave_one_campaign_out_1,F01-20240724-28W,8.973,9.014710990740738
peak_rust_pct,RandomForest,leave_one_campaign_out_1,F01-20240807-30W,7.588,6.438504801587299
peak_rust_pct,RandomForest,leave_one_campaign_out_1,F01-20240902-33W,5.635,6.014627480158729
peak_rust_pct,RandomForest,leave_one_campaign_out_1,F01-20240918-36W,3.51,3.798115612692862
peak_rust_pct,RandomForest,leave_one_campaign_out_1,F02-20240110-0W,0.0,0.024945521997967998
peak_rust_pct,RandomForest,leave_one_campaign_out_1,F02-20240124-2W,0.0,0.024743966442412443
peak_rust_pct,RandomForest,leave_one_campaign_out_1,F02-20240207-4W,0.0,0.025550335653574494
peak_rust_pct,RandomForest,leave_one_campaign_out_1,F02-20240221-6W,0.0,0.024782663023609024
peak_rust_pct,RandomForest,leave_one_campaign_out_1,F02-20240306-8W,0.219,0.2624346474652469
peak_rust_pct,RandomForest,leave_one_campaign_out_1,F02-20240320-10W,0.475,0.5003841276941946
peak_rust_pct,RandomForest,leave_one_campaign_out_1,F02-20240405-12W,1.21,1.5468764126115249
peak_rust_pct,RandomForest,leave_one_campaign_out_1,F02-20240417-14W,1.516,1.7830309889517606
peak_rust_pct,RandomForest,leave_one_campaign_out_1,F02-20240508-17W,3.161,3.2295774775132275
peak_rust_pct,RandomForest,leave_one_campaign_out_1,F02-20240522-19W,9.339,7.086345640572391
peak_rust_pct,RandomForest,leave_one_campaign_out_1,F02-20240529-20W,1.02,1.6380160893164988
peak_rust_pct,RandomForest,leave_one_campaign_out_1,F02-20240619-23W,24.363,16.925324523208264
peak_rust_pct,RandomForest,leave_one_campaign_out_1,F02-20240626-24W,28.628,18.51019147029822
peak_rust_pct,RandomForest,leave_one_campaign_out_1,F02-20240710-26W,42.444,35.61692445238092
peak_rust_pct,RandomForest,leave_one_campaign_out_1,F02-20240724-28W,39.051,30.184105537037038
peak_rust_pct,RandomForest,leave_one_campaign_out_1,F02-20240807-30W,21.391,15.527718968975469
peak_rust_pct,RandomForest,leave_one_campaign_out_1,F02-20240902-33W,37.556,27.7130134206349
peak_rust_pct,RandomForest,leave_one_campaign_out_1,F02-20240918-36W,22.551,16.146882453102442
peak_rust_pct,RandomForest,leave_one_campaign_out_1,F03-20240110-0W,0.125,0.16244981714511209
peak_rust_pct,RandomForest,leave_one_campaign_out_1,F03-20240124-2W,0.0,0.02584541266938061
peak_rust_pct,RandomForest,leave_one_campaign_out_1,F03-20240207-4W,0.106,0.11370989189665247
peak_rust_pct,RandomForest,leave_one_campaign_out_1,F03-20240221-6W,0.123,0.16033084341518777
peak_rust_pct,RandomForest,leave_one_campaign_out_1,F03-20240306-8W,5.258,5.031010851750102
peak_rust_pct,RandomForest,leave_one_campaign_out_1,F03-20240320-10W,5.984,6.4558322631257665
peak_rust_pct,RandomForest,leave_one_campaign_out_1,F03-20240405-12W,9.071,10.013400944444443
peak_rust_pct,RandomForest,leave_one_campaign_out_1,F03-20240417-14W,11.227,10.103403439153432
peak_rust_pct,RandomForest,leave_one_campaign_out_1,F03-20240508-17W,11.102,10.233137772486765
peak_rust_pct,RandomForest,leave_one_campaign_out_1,F03-20240522-19W,10.313,9.700428698412699
peak_rust_pct,RandomForest,leave_one_campaign_out_1,F03-20240529-20W,11.967,10.484325268518516
peak_rust_pct,RandomForest,leave_one_campaign_out_1,F03-20240619-23W,9.308,9.982768923280418
peak_rust_pct,RandomForest,leave_one_campaign_out_1,F03-20240626-24W,14.751,15.256770333092827
peak_rust_pct,RandomForest,leave_one_campaign_out_1,F03-20240710-26W,13.682,12.55062189153438
peak_rust_pct,RandomForest,leave_one_campaign_out_1,F03-20240724-28W,12.665,11.225892324074076
peak_rust_pct,RandomForest,leave_one_campaign_out_1,F03-20240807-30W,9.156,10.37263034523809
peak_rust_pct,RandomForest,leave_one_campaign_out_1,F03-20240902-33W,13.455,11.651741502645507
peak_rust_pct,RandomForest,leave_one_campaign_out_1,F03-20240918-36W,10.467,10.023440637566138
peak_rust_pct,RandomForest,leave_one_campaign_out_1,F04-20240110-0W,0.0,0.20166647150443784
peak_rust_pct,RandomForest,leave_one_campaign_out_1,F04-20240124-2W,0.0,0.2827094061792812
peak_rust_pct,RandomForest,leave_one_campaign_out_1,F04-20240207-4W,0.339,0.5582360494168939
peak_rust_pct,RandomForest,leave_one_campaign_out_1,F04-20240221-6W,0.005,0.02312093010476961
peak_rust_pct,RandomForest,leave_one_campaign_out_1,F04-20240306-8W,1.545,2.600678744973544
peak_rust_pct,RandomForest,leave_one_campaign_out_1,F04-20240320-10W,13.257,15.18343596236171
peak_rust_pct,RandomForest,leave_one_campaign_out_1,F04-20240405-12W,14.879,16.84703058008657
peak_rust_pct,RandomForest,leave_one_campaign_out_1,F04-20240417-14W,20.133,20.84927264622414
peak_rust_pct,RandomForest,leave_one_campaign_out_1,F04-20240508-17W,16.91,19.16785897162096
peak_rust_pct,RandomForest,leave_one_campaign_out_1,F04-20240522-19W,14.311,16.877287084054824
peak_rust_pct,RandomForest,leave_one_campaign_out_1,F04-20240529-20W,16.016,16.846890972943715
peak_rust_pct,RandomForest,leave_one_campaign_out_1,F04-20240619-23W,23.034,24.874408808922567
peak_rust_pct,RandomForest,leave_one_campaign_out_1,F04-20240626-24W,22.407,25.33205056349206
peak_rust_pct,RandomForest,leave_one_campaign_out_1,F04-20240710-26W,18.903,21.514984779100534
peak_rust_pct,RandomForest,leave_one_campaign_out_1,F04-20240724-28W,27.716,26.200535634920634
peak_rust_pct,RandomForest,leave_one_campaign_out_1,F04-20240807-30W,22.824,30.159502825396817
peak_rust_pct,RandomForest,leave_one_campaign_out_1,F04-20240902-33W,17.404,21.072672379629612
peak_rust_pct,RandomForest,leave_one_campaign_out_1,F04-20240918-36W,12.627,18.502688484848473
peak_rust_pct,RandomForest,leave_one_campaign_out_1,F05-20240110-0W,0.008,0.022404449132353652
peak_rust_pct,RandomForest,leave_one_campaign_out_1,F05-20240124-2W,0.007,0.022888581511412508
peak_rust_pct,RandomForest,leave_one_campaign_out_1,F05-20240207-4W,0.734,0.6555740350928903
peak_rust_pct,RandomForest,leave_one_campaign_out_1,F05-20240221-6W,0.284,0.3676793674642697
peak_rust_pct,RandomForest,leave_one_campaign_out_1,F05-20240306-8W,3.103,3.566157480417731
peak_rust_pct,RandomForest,leave_one_campaign_out_1,F05-20240320-10W,7.105,9.158132447089944
peak_rust_pct,RandomForest,leave_one_campaign_out_1,F05-20240405-12W,10.376,10.053884292328034
peak_rust_pct,RandomForest,leave_one_campaign_out_1,F05-20240417-14W,8.927,10.438326173280412
peak_rust_pct,RandomForest,leave_one_campaign_out_1,F05-20240508-17W,11.458,10.54196214153438
peak_rust_pct,RandomForest,leave_one_campaign_out_1,F05-20240522-19W,13.78,11.538395142616631
peak_rust_pct,RandomForest,leave_one_campaign_out_1,F05-20240529-20W,5.372,5.6039809285714295
peak_rust_pct,RandomForest,leave_one_campaign_out_1,F05-20240619-23W,11.297,10.819128784391529
peak_rust_pct,RandomForest,leave_one_campaign_out_1,F05-20240626-24W,14.179,11.95268785690235
peak_rust_pct,RandomForest,leave_one_campaign_out_1,F05-20240710-26W,11.987,10.684691789682535
peak_rust_pct,RandomForest,leave_one_campaign_out_1,F05-20240724-28W,14.855,12.44941860028859
peak_rust_pct,RandomForest,leave_one_campaign_out_1,F05-20240807-30W,7.139,8.430524611111109
peak_rust_pct,RandomForest,leave_one_campaign_out_1,F05-20240902-33W,11.525,10.407970748677243
peak_rust_pct,RandomForest,leave_one_campaign_out_1,F05-20240918-36W,7.186,7.260104277777779
peak_rust_pct,RandomForest,leave_one_campaign_out_1,F06-20240110-0W,0.02,0.027144698007876767
peak_rust_pct,RandomForest,leave_one_campaign_out_1,F06-20240124-2W,0.037,0.035976580088720865
peak_rust_pct,RandomForest,leave_one_campaign_out_1,F06-20240207-4W,0.121,0.1426824293494181
peak_rust_pct,RandomForest,leave_one_campaign_out_1,F06-20240221-6W,0.263,0.2612840610880683
peak_rust_pct,RandomForest,leave_one_campaign_out_1,F06-20240306-8W,6.2,5.375234341269839
peak_rust_pct,RandomForest,leave_one_campaign_out_1,F06-20240320-10W,8.97,7.979054714285714
peak_rust_pct,RandomForest,leave_one_campaign_out_1,F06-20240405-12W,13.217,9.194807888888885
peak_rust_pct,RandomForest,leave_one_campaign_out_1,F06-20240417-14W,14.959,11.524470514550254
peak_rust_pct,RandomForest,leave_one_campaign_out_1,F06-20240508-17W,14.212,11.66401269444444
peak_rust_pct,RandomForest,leave_one_campaign_out_1,F06-20240522-19W,17.491,14.555082782828265
peak_rust_pct,RandomForest,leave_one_campaign_out_1,F06-20240529-20W,7.732,8.824224843915346
peak_rust_pct,RandomForest,leave_one_campaign_out_1,F06-20240619-23W,13.993,12.32923950529099
peak_rust_pct,RandomForest,leave_one_campaign_out_1,F06-20240626-24W,18.752,19.83162863564214
peak_rust_pct,RandomForest,leave_one_campaign_out_1,F06-20240710-26W,15.823,14.685720560606047
peak_rust_pct,RandomForest,leave_one_campaign_out_1,F06-20240724-28W,20.289,20.655245662698412
peak_rust_pct,RandomForest,leave_one_campaign_out_1,F06-20240807-30W,12.266,10.574557185185185
peak_rust_pct,RandomForest,leave_one_campaign_out_1,F06-20240902-33W,18.044,18.612559103896107
peak_rust_pct,RandomForest,leave_one_campaign_out_1,F06-20240918-36W,17.059,14.85716381613755
peak_rust_pct,RandomForest,leave_one_campaign_out_1,G01-20240110-0W,0.0,0.025740227484195428
peak_rust_pct,RandomForest,leave_one_campaign_out_1,G01-20240124-2W,0.0,0.025740227484195428
peak_rust_pct,RandomForest,leave_one_campaign_out_1,G01-20240207-4W,0.0,0.02577892406539201
peak_rust_pct,RandomForest,leave_one_campaign_out_1,G01-20240221-6W,0.0,0.02577892406539201
peak_rust_pct,RandomForest,leave_one_campaign_out_1,G01-20240306-8W,0.0,0.02577892406539201
peak_rust_pct,RandomForest,leave_one_campaign_out_1,G01-20240320-10W,0.0,0.02577892406539201
peak_rust_pct,RandomForest,leave_one_campaign_out_1,G01-20240405-12W,0.0,0.025669502248883237
peak_rust_pct,RandomForest,leave_one_campaign_out_1,G01-20240417-14W,0.0,0.02577892406539201
peak_rust_pct,RandomForest,leave_one_campaign_out_1,G01-20240508-17W,0.0,0.02577892406539201
peak_rust_pct,RandomForest,leave_one_campaign_out_1,G01-20240522-19W,0.0,0.02577892406539201
peak_rust_pct,RandomForest,leave_one_campaign_out_1,G01-20240529-20W,0.0,0.02577892406539201
peak_rust_pct,RandomForest,leave_one_campaign_out_1,G01-20240619-23W,0.005,0.023115138858978364
peak_rust_pct,RandomForest,leave_one_campaign_out_1,G01-20240626-24W,0.0,0.026020876658550483
peak_rust_pct,RandomForest,leave_one_campaign_out_1,G01-20240710-26W,0.002,0.02577892406539201
peak_rust_pct,RandomForest,leave_one_campaign_out_1,G01-20240724-28W,0.0,0.02577892406539201
peak_rust_pct,RandomForest,leave_one_campaign_out_1,G01-20240807-30W,0.0,0.02610461189607984
peak_rust_pct,RandomForest,leave_one_campaign_out_1,G01-20240902-33W,0.0,0.02610461189607984
peak_rust_pct,RandomForest,leave_one_campaign_out_1,G01-20240918-36W,0.0,0.02577892406539201
peak_rust_pct,RandomForest,leave_one_campaign_out_1,G02-20240110-0W,0.024,0.027284079377615674
peak_rust_pct,RandomForest,leave_one_campaign_out_1,G02-20240124-2W,0.004,0.023135421587687565
peak_rust_pct,RandomForest,leave_one_campaign_out_1,G02-20240207-4W,0.101,0.1462494377394945
peak_rust_pct,RandomForest,leave_one_campaign_out_1,G02-20240221-6W,0.084,0.11318590726555494
peak_rust_pct,RandomForest,leave_one_campaign_out_1,G02-20240306-8W,0.221,0.2337983648490003
peak_rust_pct,RandomForest,leave_one_campaign_out_1,G02-20240320-10W,4.159,5.203824330687829
peak_rust_pct,RandomForest,leave_one_campaign_out_1,G02-20240405-12W,7.375,8.259745996031747
peak_rust_pct,RandomForest,leave_one_campaign_out_1,G02-20240417-14W,12.157,9.762753091269841
peak_rust_pct,RandomForest,leave_one_campaign_out_1,G02-20240508-17W,13.608,12.763368785714288
peak_rust_pct,RandomForest,leave_one_campaign_out_1,G02-20240522-19W,20.677,18.12310911315536
peak_rust_pct,RandomForest,leave_one_campaign_out_1,G02-20240529-20W,11.874,8.977128242063493
peak_rust_pct,RandomForest,leave_one_campaign_out_1,G02-20240619-23W,17.608,13.732225107142845
peak_rust_pct,RandomForest,leave_one_campaign_out_1,G02-20240626-24W,15.636,11.945592174603178
peak_rust_pct,RandomForest,leave_one_campaign_out_1,G02-20240710-26W,10.768,8.604118317460317
peak_rust_pct,RandomForest,leave_one_campaign_out_1,G02-20240724-28W,20.039,15.402813841991332
peak_rust_pct,RandomForest,leave_one_campaign_out_1,G02-20240807-30W,12.085,9.04421759126984
peak_rust_pct,RandomForest,leave_one_campaign_out_1,G02-20240902-33W,10.459,8.41731726984127
peak_rust_pct,RandomForest,leave_one_campaign_out_1,G02-20240918-36W,7.1,8.222087539682539
peak_rust_pct,RandomForest,leave_one_campaign_out_1,G03-20240110-0W,0.0,0.025740227484195428
peak_rust_pct,RandomForest,leave_one_campaign_out_1,G03-20240124-2W,0.0,0.025740227484195428
peak_rust_pct,RandomForest,leave_one_campaign_out_1,G03-20240207-4W,0.0,0.02577892406539201
peak_rust_pct,RandomForest,leave_one_campaign_out_1,G03-20240221-6W,0.0,0.02577892406539201
peak_rust_pct,RandomForest,leave_one_campaign_out_1,G03-20240306-8W,0.0,0.02577892406539201
peak_rust_pct,RandomForest,leave_one_campaign_out_1,G03-20240320-10W,0.0,0.02577892406539201
peak_rust_pct,RandomForest,leave_one_campaign_out_1,G03-20240405-12W,0.0,0.02577892406539201
peak_rust_pct,RandomForest,leave_one_campaign_out_1,G03-20240417-14W,0.0,0.02577892406539201
peak_rust_pct,RandomForest,leave_one_campaign_out_1,G03-20240508-17W,0.001,0.022669860861613416
peak_rust_pct,RandomForest,leave_one_campaign_out_1,G03-20240522-19W,0.0,0.02577892406539201
peak_rust_pct,RandomForest,leave_one_campaign_out_1,G03-20240529-20W,0.0,0.02577892406539201
peak_rust_pct,RandomForest,leave_one_campaign_out_1,G03-20240619-23W,0.001,0.022747638639391193
peak_rust_pct,RandomForest,leave_one_campaign_out_1,G03-20240626-24W,0.002,0.02280118911614755
peak_rust_pct,RandomForest,leave_one_campaign_out_1,G03-20240710-26W,0.0,0.02577892406539201
peak_rust_pct,RandomForest,leave_one_campaign_out_1,G03-20240724-28W,0.14,0.154480196811604
peak_rust_pct,RandomForest,leave_one_campaign_out_1,G03-20240807-30W,0.02,0.024736708929974913
peak_rust_pct,RandomForest,leave_one_campaign_out_1,G03-20240902-33W,0.01,0.023817477827743804
peak_rust_pct,RandomForest,leave_one_campaign_out_1,G03-20240918-36W,0.0,0.02577892406539201
peak_rust_pct,RandomForest,leave_one_campaign_out_1,G04-20240110-0W,0.0,0.025740227484195428
peak_rust_pct,RandomForest,leave_one_campaign_out_1,G04-20240124-2W,0.0,0.025740227484195428
peak_rust_pct,RandomForest,leave_one_campaign_out_1,G04-20240207-4W,0.0,0.02577892406539201
peak_rust_pct,RandomForest,leave_one_campaign_out_1,G04-20240221-6W,0.0,0.02577892406539201
peak_rust_pct,RandomForest,leave_one_campaign_out_1,G04-20240306-8W,0.0,0.02577892406539201
peak_rust_pct,RandomForest,leave_one_campaign_out_1,G04-20240320-10W,0.0,0.02577892406539201
peak_rust_pct,RandomForest,leave_one_campaign_out_1,G04-20240405-12W,0.0,0.02577892406539201
peak_rust_pct,RandomForest,leave_one_campaign_out_1,G04-20240417-14W,0.0,0.02577892406539201
peak_rust_pct,RandomForest,leave_one_campaign_out_1,G04-20240508-17W,0.003,0.025057793254174242
peak_rust_pct,RandomForest,leave_one_campaign_out_1,G04-20240522-19W,0.0,0.02577892406539201
peak_rust_pct,RandomForest,leave_one_campaign_out_1,G04-20240529-20W,0.0,0.02577892406539201
peak_rust_pct,RandomForest,leave_one_campaign_out_1,G04-20240619-23W,0.001,0.022989757446510002
peak_rust_pct,RandomForest,leave_one_campaign_out_1,G04-20240626-24W,0.0,0.02577892406539201
peak_rust_pct,RandomForest,leave_one_campaign_out_1,G04-20240710-26W,0.0,0.02577892406539201
peak_rust_pct,RandomForest,leave_one_campaign_out_1,G04-20240724-28W,0.0,0.02577892406539201
peak_rust_pct,RandomForest,leave_one_campaign_out_1,G04-20240807-30W,0.0,0.02577892406539201
peak_rust_pct,RandomForest,leave_one_campaign_out_1,G04-20240902-33W,0.0,0.02577892406539201
peak_rust_pct,RandomForest,leave_one_campaign_out_1,G04-20240918-36W,0.002,0.023277615160454672
peak_rust_pct,RandomForest,leave_one_campaign_out_1,G05-20240110-0W,0.06,0.052660890001471936
peak_rust_pct,RandomForest,leave_one_campaign_out_1,G05-20240124-2W,0.0,0.025740227484195428
peak_rust_pct,RandomForest,leave_one_campaign_out_1,G05-20240207-4W,0.11,0.1502883213884359
peak_rust_pct,RandomForest,leave_one_campaign_out_1,G05-20240221-6W,0.004,0.025570474803869217
peak_rust_pct,RandomForest,leave_one_campaign_out_1,G05-20240306-8W,0.0,0.02577892406539201
peak_rust_pct,RandomForest,leave_one_campaign_out_1,G05-20240320-10W,0.0,0.022975078252917763
peak_rust_pct,RandomForest,leave_one_campaign_out_1,G05-20240405-12W,0.001,0.02547082882729677
peak_rust_pct,RandomForest,leave_one_campaign_out_1,G05-20240417-14W,0.142,0.17048266198218534
peak_rust_pct,RandomForest,leave_one_campaign_out_1,G05-20240508-17W,0.173,0.18604190916107322
peak_rust_pct,RandomForest,leave_one_campaign_out_1,G05-20240522-19W,0.052,0.08089465920811292
peak_rust_pct,RandomForest,leave_one_campaign_out_1,G05-20240529-20W,0.035,0.039291108539000114
peak_rust_pct,RandomForest,leave_one_campaign_out_1,G05-20240619-23W,0.147,0.1747072817201067
peak_rust_pct,RandomForest,leave_one_campaign_out_1,G05-20240626-24W,0.459,0.4944898951940077
peak_rust_pct,RandomForest,leave_one_campaign_out_1,G05-20240710-26W,0.137,0.1406013115480008
peak_rust_pct,RandomForest,leave_one_campaign_out_1,G05-20240724-28W,0.047,0.04695486743686464
peak_rust_pct,RandomForest,leave_one_campaign_out_1,G05-20240807-30W,0.17,0.15765454160690984
peak_rust_pct,RandomForest,leave_one_campaign_out_1,G05-20240902-33W,0.224,0.21028136971364858
peak_rust_pct,RandomForest,leave_one_campaign_out_1,G05-20240918-36W,0.252,0.25863020676872006
peak_rust_pct,RandomForest,leave_one_campaign_out_1,G06-20240110-0W,0.025,0.03312490346577956
peak_rust_pct,RandomForest,leave_one_campaign_out_1,G06-20240124-2W,0.0,0.025740227484195428
peak_rust_pct,RandomForest,leave_one_campaign_out_1,G06-20240207-4W,0.029,0.02969002152523204
peak_rust_pct,RandomForest,leave_one_campaign_out_1,G06-20240221-6W,0.0,0.02577892406539201
peak_rust_pct,RandomForest,leave_one_campaign_out_1,G06-20240306-8W,0.0,0.02577892406539201
peak_rust_pct,RandomForest,leave_one_campaign_out_1,G06-20240320-10W,0.067,0.049738969397480876
peak_rust_pct,RandomForest,leave_one_campaign_out_1,G06-20240405-12W,0.038,0.034668349310235116
peak_rust_pct,RandomForest,leave_one_campaign_out_1,G06-20240417-14W,0.148,0.25277595157690375
peak_rust_pct,RandomForest,leave_one_campaign_out_1,G06-20240508-17W,1.592,1.7838042917156083
peak_rust_pct,RandomForest,leave_one_campaign_out_1,G06-20240522-19W,0.887,1.1136811152829613
peak_rust_pct,RandomForest,leave_one_campaign_out_1,G06-20240529-20W,0.507,0.650728760752931
peak_rust_pct,RandomForest,leave_one_campaign_out_1,G06-20240619-23W,1.363,2.139947505807546
peak_rust_pct,RandomForest,leave_one_campaign_out_1,G06-20240626-24W,1.715,2.819059177970178
peak_rust_pct,RandomForest,leave_one_campaign_out_1,G06-20240710-26W,0.401,0.5137739538287924
peak_rust_pct,RandomForest,leave_one_campaign_out_1,G06-20240724-28W,0.221,0.3472830058298229
peak_rust_pct,RandomForest,leave_one_campaign_out_1,G06-20240807-30W,2.765,2.6528634658567567
peak_rust_pct,RandomForest,leave_one_campaign_out_1,G06-20240902-33W,3.273,3.0492644669312163
peak_rust_pct,RandomForest,leave_one_campaign_out_1,G06-20240918-36W,0.811,1.025348245281794
