split_id,sample_name,specimen_id,y_true,y_pred,residual,abs_error,pred_std,pred_interval_low,pred_interval_high,covered_by_interval
gss_0,D05-20240918-36W,D05,2.05,1.8434521957671957,-0.20654780423280417,0.20654780423280417,0.10911045398394884,1.6295957059586559,2.057308685575735,True
gss_0,F01-20240918-36W,F01,1.9,1.958795291005291,0.05879529100529113,0.05879529100529113,0.1802722912553724,1.605461600144761,2.312128981865821,True
gss_0,G02-20240918-36W,G02,2.25,1.7566680820105822,-0.4933319179894178,0.4933319179894178,0.19920149694789116,1.3662331479927157,2.1471030160284488,False
gss_0,S1MI01-20221206-28W,S1MI01,2.38,2.450729166666667,0.07072916666666718,0.07072916666666718,0.17842163584714785,2.1010227604062575,2.8004355729270767,True
gss_0,S1MI02-20221206-28W,S1MI02,2.43,2.383810396825397,-0.04618960317460319,0.04618960317460319,0.185715131751336,2.0198087385927783,2.7478120550580156,True
gss_0,S1MI03-20221206-28W,S1MI03,2.54,2.3639882936507943,-0.1760117063492057,0.1760117063492057,0.16815852602652823,2.0343975826387988,2.69357900466279,True
gss_0,S1MI04-20221206-28W,S1MI04,2.38,2.4007115873015876,0.02071158730158773,0.02071158730158773,0.18965397530448522,2.0289897957047964,2.772433378898379,True
gss_0,S2SA07-20221206-28W,S2SA07,2.26,2.590709007936508,0.33070900793650804,0.33070900793650804,0.16675182937558838,2.2638754223603548,2.917542593512661,False
gss_0,S3PA03-20221206-28W,S3PA03,2.66,2.7340805952380953,0.07408059523809518,0.07408059523809518,0.15688053594738852,2.4265947447812137,3.041566445694977,True
gss_0,S4SAVF02-20221206-28W,S4SAVF02,2.46,2.4659775396825396,0.005977539682539668,0.005977539682539668,0.15628602590491664,2.159656928908903,2.772298150456176,True
gss_1,D01-20240918-36W,D01,1.89,1.9195469047619047,0.029546904761904802,0.029546904761904802,0.1804636889597341,1.5658380744008258,2.2732557351229836,True
gss_1,D03-20240918-36W,D03,1.64,1.8609029581529581,0.22090295815295824,0.22090295815295824,0.12146708724786019,1.622827467147152,2.098978449158764,True
gss_1,E05-20240918-36W,E05,1.64,1.9100395238095238,0.2700395238095239,0.2700395238095239,0.11317368901509992,1.688219093339928,2.1318599542791197,False
gss_1,G05-20240918-36W,G05,2.16,2.0115251587301586,-0.14847484126984156,0.14847484126984156,0.1056647390813873,1.8044222701306394,2.2186280473296778,True
gss_1,S1MI03-20221206-28W,S1MI03,2.54,2.394103439153439,-0.14589656084656122,0.14589656084656122,0.11857290282890998,2.161700549608775,2.6265063286981025,True
gss_1,S2SA02-20221206-28W,S2SA02,2.87,2.380666878306878,-0.48933312169312204,0.48933312169312204,0.10887957930390404,2.1672629028712262,2.59407085374253,False
gss_1,S3PA03-20221206-28W,S3PA03,2.66,2.6145950793650794,-0.04540492063492074,0.04540492063492074,0.18963257350280674,2.242915235299578,2.9862749234305808,True
gss_1,S3PA04-20221206-28W,S3PA04,2.85,2.622669484126984,-0.22733051587301611,0.22733051587301611,0.18380445594876507,2.2624127504674045,2.9829262177865634,True
gss_1,S4SAVF01-20221206-28W,S4SAVF01,2.4,2.4707275661375663,0.07072756613756637,0.07072756613756637,0.14741053839486598,2.181802910883629,2.7596522213915033,True
gss_1,S5VF01-20221206-28W,S5VF01,2.75,2.4576711904761903,-0.2923288095238097,0.2923288095238097,0.12694761494728515,2.2088538651795115,2.706488515772869,False
gss_2,D04-20240918-36W,D04,1.87,1.9471296825396827,0.07712968253968255,0.07712968253968255,0.10255358658798665,1.7461246528272287,2.1481347122521366,True
gss_2,D06-20240918-36W,D06,1.61,1.8001510846560849,0.19015108465608477,0.19015108465608477,0.2035682414831722,1.4011573313490673,2.1991448379631025,True
gss_2,F01-20240918-36W,F01,1.9,1.9255440873015872,0.025544087301587304,0.025544087301587304,0.18454145573011732,1.5638428340705572,2.287245340532617,True
gss_2,G04-20240918-36W,G04,2.21,2.0168438888888884,-0.19315611111111153,0.19315611111111153,0.09688000926688159,1.8269590707258005,2.2067287070519765,False
gss_2,S1MI03-20221206-28W,S1MI03,2.54,2.422484523809524,-0.11751547619047598,0.11751547619047598,0.11461228288914965,2.197844449346791,2.6471245982722573,True
gss_2,S1MI05-20221206-28W,S1MI05,2.35,2.4229061904761906,0.07290619047619051,0.07290619047619051,0.11786017513184031,2.1919002472177835,2.6539121337345977,True
gss_2,S1MI07-20221206-28W,S1MI07,2.1,2.412657791005291,0.3126577910052908,0.3126577910052908,0.09881456514959941,2.218981243312076,2.6063343386985056,False
gss_2,S2SA03-20221206-28W,S2SA03,2.25,2.586931785714286,0.33693178571428595,0.33693178571428595,0.11031076241356308,2.3707226913837025,2.8031408800448694,False
gss_2,S3PA04-20221206-28W,S3PA04,2.85,2.697891031746032,-0.15210896825396825,0.15210896825396825,0.10874894810926185,2.4847430934518786,2.911038970040185,True
gss_2,S4SAVF01-20221206-28W,S4SAVF01,2.4,2.4972145634920637,0.09721456349206381,0.09721456349206381,0.16551613503390242,2.172802938825615,2.8216261881585125,True
gss_3,F02-20240918-36W,F02,1.71,2.007967103174603,0.29796710317460295,0.29796710317460295,0.15753629948616168,1.699195956181726,2.3167382501674796,True
gss_3,F04-20240918-36W,F04,2.01,1.8153588095238091,-0.19464119047619066,0.19464119047619066,0.21410354249501357,1.3957158662335827,2.2350017528140356,True
gss_3,F05-20240918-36W,F05,1.6,1.7979082539682538,0.19790825396825373,0.19790825396825373,0.21620794972344892,1.3741406725102938,2.221675835426214,True
gss_3,G01-20240918-36W,G01,1.91,1.9183844444444447,0.00838444444444475,0.00838444444444475,0.24392023500325785,1.4403007838380593,2.39646810505083,True
gss_3,G06-20240918-36W,G06,1.97,2.0712675396825397,0.10126753968253976,0.10126753968253976,0.15404178571397306,1.7693456396831526,2.373189439681927,True
gss_3,S1MI07-20221206-28W,S1MI07,2.1,2.40301041005291,0.30301041005290985,0.30301041005290985,0.07196106951275862,2.261966713807903,2.5440541062979167,False
gss_3,S2SA07-20221206-28W,S2SA07,2.26,2.6135997619047617,0.35359976190476194,0.35359976190476194,0.16176521866345706,2.296539933324386,2.9306595904851376,False
gss_3,S3PA02-20221206-28W,S3PA02,2.84,2.63812880952381,-0.20187119047619007,0.20187119047619007,0.1788756399094811,2.287532555301227,2.9887250637463927,True
gss_3,S3PA03-20221206-28W,S3PA03,2.66,2.6883879761904765,0.028387976190476394,0.028387976190476394,0.14790815521369974,2.398487991971625,2.978287960409328,True
gss_3,S4SAVF03-20221206-28W,S4SAVF03,2.33,2.5072674735449736,0.17726747354497352,0.17726747354497352,0.12872808044822942,2.254960435866444,2.7595745112235033,True
gss_4,E01-20240918-36W,E01,1.7,1.7016620238095237,0.0016620238095237383,0.0016620238095237383,0.11502979766044372,1.476203620395054,1.9271204272239935,True
gss_4,E02-20240918-36W,E02,1.79,1.8759510846560845,0.08595108465608448,0.08595108465608448,0.16150161819998426,1.5594079129841154,2.192494256328054,True
gss_4,E04-20240918-36W,E04,1.66,1.7253321031746032,0.06533210317460325,0.06533210317460325,0.11764085446470104,1.494756028423789,1.9559081779254173,True
gss_4,F01-20240918-36W,F01,1.9,1.953229232804233,0.053229232804233195,0.053229232804233195,0.19935964105453316,1.5624843363373482,2.343974129271118,True
gss_4,F02-20240918-36W,F02,1.71,1.953229232804233,0.24322923280423314,0.24322923280423314,0.19935964105453316,1.5624843363373482,2.343974129271118,True
gss_4,F04-20240918-36W,F04,2.01,1.7375480158730159,-0.2724519841269839,0.2724519841269839,0.14214231970200528,1.4589490692570855,2.0161469624889463,True
gss_4,S1MI03-20221206-28W,S1MI03,2.54,2.3576683730158727,-0.1823316269841273,0.1823316269841273,0.06526808265727052,2.2297429310076224,2.485593815024123,False
gss_4,S2SA03-20221206-28W,S2SA03,2.25,2.641275753968254,0.39127575396825387,0.39127575396825387,0.1130150088749232,2.4197663365734043,2.8627851713631034,False
gss_4,S2SA07-20221206-28W,S2SA07,2.26,2.6242159523809523,0.3642159523809525,0.3642159523809525,0.16304863132779748,2.3046406349784694,2.943791269783435,False
gss_4,S4SAVF03-20221206-28W,S4SAVF03,2.33,2.5266382756132755,0.1966382756132754,0.1966382756132754,0.1304430913028317,2.270969816659725,2.7823067345668258,True
